Type	Molecule Name	Residue Name	Source	Confidence	Binder

small molecules
Binding Site 1
	(4S,5Z)-4-AMINO-5-IMINOPENTANAMIDE	0JU	3vb6	4.66	Specific
	ETHYL (5S,8S,11R)-8-BENZYL-5-(2-TERT-BUTOXY-2-OXOETHYL)-3,6,9-TRIOXO-11-{[(3S)-2-OXOPYRROLIDIN-3-YL]METHYL}-1-PHENYL-2-OXA-4,7,10-TRIAZATETRADECAN-14-OATE	G83	3tns	4.66	Specific
	N-[4-(ACETYLAMINO)PHENYL]-2-(1H-BENZOTRIAZOL-1-YL)-N-[(1R)-2-[(2-METHYLBUTAN-2-YL)AMINO]-1-(1-METHYL-1H-PYRROL-2-YL)-2-OXOETHYL]ACETAMIDE	23H	4mds	4.66	Specific
	(5S,8S,14R)-ETHYL 11-(3-AMINO-3-OXOPROPYL)-8-BENZYL-14-HYDROXY-5-ISOBUTYL-3,6,9,12-TETRAOXO-1-PHENYL-2-OXA-4, 7,10,11-TETRAAZAPENTADECAN-15-OATE	AZP	2a5k	4.66	Specific
	(5S,8S,14R)-ETHYL 11-(3-AMINO-3-OXOPROPYL)-8-BENZYL-14-HYDROXY-5-ISOBUTYL-3,6,9,12-TETRAOXO-1-PHENYL-2-OXA-4, 7,10,11-TETRAAZAPENTADECAN-15-OATE	AZP	2a5i	4.66	Specific
	N-[(1R)-2-(TERT-BUTYLAMINO)-2-OXO-1-(PYRIDIN-3-YL) ETHYL]-N-(4-TERT-BUTYLPHENYL)FURAN-2-CARBOXAMIDE	0EN	3v3m	4.66	Specific
	(5S,8S,14R)-ETHYL 11-(3-AMINO-3-OXOPROPYL)-8-BENZYL-14-HYDROXY-5-ISOBUTYL-3,6,9,12-TETRAOXO-1-PHENYL-2-OXA-4, 7,10,11-TETRAAZAPENTADECAN-15-OATE	AZP	2a5i	4.66	Specific
	(5S,8S,14R)-ETHYL 11-(3-AMINO-3-OXOPROPYL)-8-BENZYL-14-HYDROXY-5-ISOBUTYL-3,6,9,12-TETRAOXO-1-PHENYL-2-OXA-4, 7,10,11-TETRAAZAPENTADECAN-15-OATE	AZP	2gtb	4.66	Specific
	4-METHYLBENZENE-1,2-DITHIOL	TLD	2z94	4.66	Specific
	ETHYL (4R)-4-({N-[(BENZYLOXY)CARBONYL]-L-PHENYLALANYL}AMINO)-5-[(3S)-2-OXOPYRROLIDIN-3-YL] PENTANOATE	G75	3szn	4.66	Specific
	ETHYL (2E,4S)-4-[((2R)-2-{[N-(TERT-BUTOXYCARBONYL)-L-VALYL]AMINO}-2-PHENYLETHANOYL)AMINO]-5-[(3S)-2-OXOPYRROLIDIN-3-YL]PENT-2-ENOATE	ENB	2d2d	4.66	Specific
	(4S,5Z)-4-AMINO-5-IMINOPENTANAMIDE	0JU	3vb5	4.66	Specific
	(2S)-2-({[(3S,4AR,8AS)-2-(BIPHENYL-4-YLCARBONYL) DECAHYDROISOQUINOLIN-3-YL]METHYL}AMINO)-3-(1H-IMIDAZOL-5-YL)PROPANAL	3BL	4twy	4.66	Specific
	N-[(BENZYLOXY)CARBONYL]-O-(TERT-BUTYL)-L-THREONYL-3-CYCLOHEXYL-N-[(1S)-2-HYDROXY-1-{[(3S)-2-OXOPYRROLIDIN-3-YL]METHYL}ETHYL]-L-ALANINAMIDE	NOL	2gx4	4.66	Specific
	N-[(BENZYLOXY)CARBONYL]-O-(TERT-BUTYL)-L-THREONYL-3-CYCLOHEXYL-N-[(1S)-2-HYDROXY-1-{[(3S)-2-OXOPYRROLIDIN-3-YL]METHYL}ETHYL]-L-ALANINAMIDE	NOL	2gx4	4.66	Specific
	ETHYL (2E,4S)-4-[((2R)-2-{[N-(TERT-BUTOXYCARBONYL)-L-VALYL]AMINO}-2-PHENYLETHANOYL)AMINO]-5-[(3S)-2-OXOPYRROLIDIN-3-YL]PENT-2-ENOATE	ENB	2d2d	4.66	Specific
	BENZENE	BNZ	2z9g	4.66	Specific
	(3S)-3-[(2S)-2-AMINO-3-HYDROXYBUTYL]PYRROLIDIN-2-ONE	ECQ	2z3d	4.66	Specific
	4-(DIMETHYLAMINO)BENZOIC ACID	XP1	2vj1	4.66	Specific
	N-[(BENZYLOXY)CARBONYL]-O-TERT-BUTYL-L-THREONYL-N-[(1R)-4-CYCLOPROPYL-4-OXO-1-{[(3S)-2-OXOPYRROLIDIN-3-YL]METHYL}BUTYL]-L-LEUCINAMIDE	ZU5	2zu5	4.66	Specific
	N-[(BENZYLOXY)CARBONYL]-O-TERT-BUTYL-L-THREONYL-N-[(1R)-4-CYCLOPROPYL-4-OXO-1-{[(3S)-2-OXOPYRROLIDIN-3-YL]METHYL}BUTYL]-L-LEUCINAMIDE	ZU5	2zu5	4.66	Specific
	(4S,5Z)-4-AMINO-5-IMINOPENTANAMIDE	0JU	3vb4	4.66	Specific
	NALPHA-[(BENZYLOXY)CARBONYL]-N-[(1R)-4-HYDROXY-1-METHYL-2-OXOBUTYL]-L-PHENYLALANINAMIDE	WR1	2op9	4.66	Specific
	N-[(5-METHYLISOXAZOL-3-YL)CARBONYL]-L-ALANYL-L-VALYL-N~1~-((1S)-4-ETHOXY-4-OXO-1-{[(3S)-2-OXOPYRROLIDIN-3-YL]METHYL}BUT-2-ENYL)-L-LEUCINAMIDE	I12	1wof	4.66	Specific
	N-[(5-METHYLISOXAZOL-3-YL)CARBONYL]ALANYL-L-VALYL-N~1~-((1R,2Z)-4-(BENZYLOXY)-4-OXO-1-{[(3R)-2-OXOPYRROLIDIN-3-YL]METHYL}BUT-2-ENYL)-L-LEUCINAMIDE	3IH	2hob	4.66	Specific
	N-(3-FUROYL)-D-VALYL-L-VALYL-N~1~-((1R,2Z)-4-ETHOXY-4-OXO-1-{[(3S)-2-OXOPYRROLIDIN-3-YL]METHYL}BUT-2-ENYL)-D-LEUCINAMIDE	9IN	2amd	4.66	Specific
	N-[(2S)-1-HYDROXY-3-PHENYLPROPAN-2-YL]-NALPHA-[(2E)-3-PHENYLPROP-2-ENOYL]-L-PHENYLALANINAMIDE	S89	3sn8	4.66	Specific
	S-[5-(TRIFLUOROMETHYL)-4H-1,2,4-TRIAZOL-3-YL] 5-(PHENYLETHYNYL)FURAN-2-CARBOTHIOATE	F3F	2gz8	4.66	Specific
	ETHYL (5S,8S,11R)-8-BENZYL-5-(3-TERT-BUTOXY-3-OXOPROPYL)-3,6,9-TRIOXO-11-{[(3S)-2-OXOPYRROLIDIN-3-YL]METHYL}-1-PHENYL-2-OXA-4,7,10-TRIAZATETRADECAN-14-OATE	G82	3tiu	4.66	Specific
	(4S,5Z)-4-AMINO-5-IMINOPENTANAMIDE	0JU	3vb5	4.66	Specific
	BENZYL CHLOROCARBONATE	PHQ	3vb5	4.66	Specific
	2-[(2,4-DICHLORO-5-METHYLPHENYL)SULFONYL]-1,3-DINITRO-5-(TRIFLUOROMETHYL)BENZENE	D3F	2gz7	4.66	Specific
	N-[(5-METHYLISOXAZOL-3-YL)CARBONYL]-L-ALANYL-L-VALYL-N~1~-((1S)-4-ETHOXY-4-OXO-1-{[(3S)-2-OXOPYRROLIDIN-3-YL]METHYL}BUT-2-ENYL)-L-LEUCINAMIDE	I12	1wof	4.66	Specific
	(3S)-3-[(2S)-2-AMINO-3-OXOBUTYL]PYRROLIDIN-2-ONE	KCQ	2z3e	4.66	Specific
	(3S)-3-[(2S)-2-AMINO-3-OXOBUTYL]PYRROLIDIN-2-ONE	KCQ	2z3e	4.66	Specific
	DIMETHYL SULFOXIDE	DMS	2z9l	4.66	Non-specific
	N-[(BENZYLOXY)CARBONYL]-O-TERT-BUTYL-L-SERYL-N-{(2R)-5-ETHOXY-5-OXO-1-[(3S)-2-OXOPYRROLIDIN-3-YL]PENTAN-2-YL}-L-PHENYLALANINAMIDE	G85	3tnt	4.66	Specific
	DIMETHYL SULFOXIDE	DMS	2z9j	4.66	Non-specific
	NALPHA-[(BENZYLOXY)CARBONYL]-N-[(1R)-4-HYDROXY-1-METHYL-2-OXOBUTYL]-L-PHENYLALANINAMIDE	WR1	2op9	4.66	Specific
	4-(DIMETHYLAMINO)BENZOIC ACID	XP1	2v6n	4.66	Specific
	DIMETHYL SULFOXIDE	DMS	2z9k	4.66	Non-specific
	(3S)-3-[(2S)-2-AMINO-3-HYDROXYBUTYL]PYRROLIDIN-2-ONE	ECQ	2z3c	4.66	Specific
	(2S)-2-({[(3S,4AR,8AS)-2-(4-BROMOBENZOYL) DECAHYDROISOQUINOLIN-3-YL]METHYL}AMINO)-3-(1H-IMIDAZOL-5-YL)PROPANAL	3A7	4tww	4.66	Specific
	DIAMINOZINC	DAZ	2z9l	4.66	Specific
	ETHYL (4R)-4-{[(2R,5S)-5-{[N-(TERT-BUTOXYCARBONYL)-L-SERYL]AMINO}-6-METHYL-2-(3-METHYLBUT-2-EN-1-YL)-4-OXOHEPTANOYL]AMINO}-5-[(3R)-2-OXOPYRROLIDIN-3-YL]PENTANOATE	CYV	2qiq	4.66	Specific
	ETHYL (4R)-4-{[N-(TERT-BUTOXYCARBONYL)-L-PHENYLALANYL]AMINO}-5-[(3S)-2-OXOPYRROLIDIN-3-YL] PENTANOATE	G81	3tit	4.66	Specific
	BENZYL (2-OXOPROPYL)CARBAMATE	959	3d62	4.66	Specific
	ZINC(II)HYDROGENSULFIDE	DTZ	2z9j	4.66	Specific
	(4S,5Z)-4-AMINO-5-IMINOPENTANAMIDE	0JU	3vb7	4.66	Specific
	N-((3S,6R)-6-((S,E)-4-ETHOXYCARBONYL-1-((S)-2-OXOPYRROLIDIN-3-YL)BUT-3-EN-2-YLCARBAMOYL)-2,9-DIMETHYL-4-OXODEC-8-EN-3-YL)-5-METHYLISOXAZOLE-3-CARBOXAMIDE	CY6	2alv	4.66	Specific
	(DIMETHYLAMINO)(HYDROXY)ZINC'	DOZ	2z9k	4.66	Specific
	DIMETHYL SULFOXIDE	DMS	2z9k	4.66	Non-specific
	DIMETHYL SULFOXIDE	DMS	2z9j	4.66	Non-specific
	BENZYL CHLOROCARBONATE	PHQ	3vb5	4.66	Specific
	ACETYL GROUP	ACE	2z3c	4.66	Non-specific
	N-[(5-METHYLISOXAZOL-3-YL)CARBONYL]ALANYL-L-VALYL-N~1~-((1R,2Z)-4-(BENZYLOXY)-4-OXO-1-{[(3R)-2-OXOPYRROLIDIN-3-YL]METHYL}BUT-2-ENYL)-L-LEUCINAMIDE	3IH	2amq	4.66	Specific
	ACETYL GROUP	ACE	3snb	4.66	Non-specific
	(DIMETHYLAMINO)(HYDROXY)ZINC'	DOZ	2z9k	4.66	Specific
	CHLOROACETONE	ATO	1uk4	4.66	Specific
	(2S)-2-({[(3R,4AS,8AR)-2-(BIPHENYL-4-YLCARBONYL) DECAHYDROISOQUINOLIN-3-YL]METHYL}AMINO)-3-(1H-IMIDAZOL-5-YL)PROPANAL	3X5	4wy3	4.66	Specific
	(4S)-2-METHYL-2,4-PENTANEDIOL	MPD	1q2w	4.66	Non-specific
	DI(HYDROXYETHYL)ETHER	PEG	3vb3	4.66	Non-specific
	1,2-ETHANEDIOL	EDO	3vb3	4.66	Non-specific
	DIMETHYL SULFOXIDE	DMS	2z9l	4.66	Non-specific
	DIMETHYL SULFOXIDE	DMS	2z9k	4.66	Non-specific
	DIMETHYL SULFOXIDE	DMS	2z9k	4.66	Non-specific
	DIMETHYL SULFOXIDE	DMS	2z9j	4.66	Non-specific
	1,2-ETHANEDIOL	EDO	3vb7	4.66	Non-specific
	DIMETHYL SULFOXIDE	DMS	2z9j	4.66	Non-specific
	DIMETHYL SULFOXIDE	DMS	2z9l	4.66	Non-specific
	2-(N-MORPHOLINO)-ETHANESULFONIC ACID	MES	2v6n	4.66	Non-specific
	1,2-ETHANEDIOL	EDO	3vb5	4.66	Non-specific
	1,2-ETHANEDIOL	EDO	3vb4	4.66	Non-specific
	DIMETHYL SULFOXIDE	DMS	4mds	4.66	Non-specific
	1,2-ETHANEDIOL	EDO	3vb3	4.66	Non-specific
	1,2-ETHANEDIOL	EDO	3vb6	4.66	Non-specific
	1,2-ETHANEDIOL	EDO	3vb3	4.66	Non-specific
	1,2-ETHANEDIOL	EDO	3vb3	4.66	Non-specific
	DIMETHYL SULFOXIDE	DMS	3v3m	4.66	Non-specific
	N-[(BENZYLOXY)CARBONYL]-O-TERT-BUTYL-L-SERYL-N-{(2R)-5-ETHOXY-5-OXO-1-[(3S)-2-OXOPYRROLIDIN-3-YL]PENTAN-2-YL}-L-PHENYLALANINAMIDE	G85	2ynb	4.06	Specific
	IMIDAZOLE	IMD	2yna	4.06	Specific
	N-[(5-METHYLISOXAZOL-3-YL)CARBONYL]ALANYL-L-VALYL-N~1~-((1R,2Z)-4-(BENZYLOXY)-4-OXO-1-{[(3R)-2-OXOPYRROLIDIN-3-YL]METHYL}BUT-2-ENYL)-L-LEUCINAMIDE	3IH	3d23	3.89	Specific
	N-[(5-METHYLISOXAZOL-3-YL)CARBONYL]ALANYL-L-VALYL-N~1~-((1R,2Z)-4-(BENZYLOXY)-4-OXO-1-{[(3R)-2-OXOPYRROLIDIN-3-YL]METHYL}BUT-2-ENYL)-L-LEUCINAMIDE	3IH	3d23	3.89	Specific
	N-[(5-METHYLISOXAZOL-3-YL)CARBONYL]ALANYL-L-VALYL-N~1~-((1R,2Z)-4-(BENZYLOXY)-4-OXO-1-{[(3R)-2-OXOPYRROLIDIN-3-YL]METHYL}BUT-2-ENYL)-L-LEUCINAMIDE	3IH	3d23	3.89	Specific
	N-[(5-METHYLISOXAZOL-3-YL)CARBONYL]ALANYL-L-VALYL-N~1~-((1R,2Z)-4-(BENZYLOXY)-4-OXO-1-{[(3R)-2-OXOPYRROLIDIN-3-YL]METHYL}BUT-2-ENYL)-L-LEUCINAMIDE	3IH	3d23	3.89	Specific
	N-[(5-METHYLISOXAZOL-3-YL)CARBONYL]ALANYL-L-VALYL-N~1~-((1R,2Z)-4-(BENZYLOXY)-4-OXO-1-{[(3R)-2-OXOPYRROLIDIN-3-YL]METHYL}BUT-2-ENYL)-L-LEUCINAMIDE	3IH	3d23	3.89	Specific
	N-[(5-METHYLISOXAZOL-3-YL)CARBONYL]ALANYL-L-VALYL-N~1~-((1R,2Z)-4-(BENZYLOXY)-4-OXO-1-{[(3R)-2-OXOPYRROLIDIN-3-YL]METHYL}BUT-2-ENYL)-L-LEUCINAMIDE	3IH	3d23	3.89	Specific
	N-[(5-METHYLISOXAZOL-3-YL)CARBONYL]ALANYL-L-VALYL-N~1~-((1R,2Z)-4-(BENZYLOXY)-4-OXO-1-{[(3R)-2-OXOPYRROLIDIN-3-YL]METHYL}BUT-2-ENYL)-L-LEUCINAMIDE	3IH	3d23	3.89	Specific
	N-[(5-METHYLISOXAZOL-3-YL)CARBONYL]ALANYL-L-VALYL-N~1~-((1R,2Z)-4-(BENZYLOXY)-4-OXO-1-{[(3R)-2-OXOPYRROLIDIN-3-YL]METHYL}BUT-2-ENYL)-L-LEUCINAMIDE	3IH	3d23	3.89	Specific
	TRIETHYLENE GLYCOL	PGE	4wmd	3.85	Non-specific
	ETHYL (4R)-4-AMINO-5-[(3S)-2-OXOPYRROLIDIN-3-YL]PENTANOATE	CEV	4rsp	3.85	Specific
	TETRAETHYLENE GLYCOL	PG4	4wmf	3.85	Specific
	N-{4-[(1H-BENZOTRIAZOL-1-YLACETYL)(THIOPHEN-3-YLMETHYL)AMINO]PHENYL}PROPANAMIDE	R30	4ylu	3.85	Specific
	1,2-ETHANEDIOL	EDO	4wme	3.85	Non-specific
	ACETATE ION	ACT	4ylu	3.85	Non-specific
	ETHYL (4R)-4-AMINO-5-[(3S)-2-OXOPYRROLIDIN-3-YL]PENTANOATE	CEV	4rsp	3.85	Specific
	N-{4-[(1H-BENZOTRIAZOL-1-YLACETYL)(THIOPHEN-3-YLMETHYL)AMINO]PHENYL}PROPANAMIDE	R30	4ylu	3.85	Specific
	1,2-ETHANEDIOL	EDO	4wme	3.85	Non-specific
	N-{4-[(1H-BENZOTRIAZOL-1-YLACETYL)(THIOPHEN-3-YLMETHYL)AMINO]PHENYL}PROPANAMIDE	R30	4ylu	3.85	Specific
	N-{4-[(1H-BENZOTRIAZOL-1-YLACETYL)(THIOPHEN-3-YLMETHYL)AMINO]PHENYL}PROPANAMIDE	R30	4ylu	3.85	Specific
	1,2-ETHANEDIOL	EDO	4wme	3.85	Non-specific
	ACETATE ION	ACT	4ylu	3.85	Non-specific
	TRIETHYLENE GLYCOL	PGE	4wmd	3.85	Non-specific
	ACETATE ION	ACT	4ylu	3.85	Non-specific
	GLYCEROL	GOL	3tlo	3.77	Non-specific
	GLYCEROL	GOL	3tlo	3.77	Non-specific
	GLYCEROL	GOL	3tlo	3.77	Non-specific
	GLYCEROL	GOL	3tlo	3.77	Non-specific
	(4S)-2-METHYL-2,4-PENTANEDIOL	MPD	2zu2	3.57	Non-specific
	1,4-DIETHYLENE DIOXIDE	DIO	1p9s	3.57	Non-specific
	N-[(5-METHYLISOXAZOL-3-YL)CARBONYL]ALANYL-L-VALYL-N~1~-((1R,2Z)-4-(BENZYLOXY)-4-OXO-1-{[(3R)-2-OXOPYRROLIDIN-3-YL]METHYL}BUT-2-ENYL)-L-LEUCINAMIDE	3IH	2q6f	3.45	Specific
	N-[(5-METHYLISOXAZOL-3-YL)CARBONYL]ALANYL-L-VALYL-N~1~-((1R,2Z)-4-(BENZYLOXY)-4-OXO-1-{[(3R)-2-OXOPYRROLIDIN-3-YL]METHYL}BUT-2-ENYL)-L-LEUCINAMIDE	3IH	2q6f	3.45	Specific
	(4R)-2-METHYLPENTANE-2,4-DIOL	MRD	1lvo	3.37	Non-specific
	SULFATE ION	SO4	1lvo	3.37	Non-specific
	SULFATE ION	SO4	1lvo	3.37	Non-specific
	SULFATE ION	SO4	1p9u	3.37	Non-specific
	(4R)-2-METHYLPENTANE-2,4-DIOL	MRD	1lvo	3.37	Non-specific
	(4R)-2-METHYLPENTANE-2,4-DIOL	MRD	1p9u	3.37	Non-specific
	(1S,2S)-2-({N-[(BENZYLOXY)CARBONYL]-L-LEUCYL}AMINO)-1-HYDROXY-3-[(3S)-2-OXOPYRROLIDIN-3-YL]PROPANE-1-SULFONIC ACID	K36	4f49	3.37	Specific
	(4R)-2-METHYLPENTANE-2,4-DIOL	MRD	1lvo	3.37	Non-specific
	(4R)-2-METHYLPENTANE-2,4-DIOL	MRD	1lvo	3.37	Non-specific
	1,4-DIETHYLENE DIOXIDE	DIO	1lvo	3.37	Non-specific
	1,4-DIETHYLENE DIOXIDE	DIO	1lvo	3.37	Non-specific
	N-[(5-METHYLISOXAZOL-3-YL)CARBONYL]-L-ALANYL-L-VALYL-N~1~-((1S)-4-ETHOXY-4-OXO-1-{[(3S)-2-OXOPYRROLIDIN-3-YL]METHYL}BUT-2-ENYL)-L-LEUCINAMIDE	I12	2amp	3.37	Specific
	CHLOROMETHANE	0QE	1p9u	3.37	Specific
	(1S,2S)-2-({N-[(BENZYLOXY)CARBONYL]-L-LEUCYL}AMINO)-1-HYDROXY-3-[(3S)-2-OXOPYRROLIDIN-3-YL]PROPANE-1-SULFONIC ACID	K36	4f49	3.37	Specific
	(1S,2S)-2-({N-[(BENZYLOXY)CARBONYL]-L-LEUCYL}AMINO)-1-HYDROXY-3-[(3S)-2-OXOPYRROLIDIN-3-YL]PROPANE-1-SULFONIC ACID	K36	4f49	3.37	Specific
	(4R)-2-METHYLPENTANE-2,4-DIOL	MRD	1lvo	3.37	Non-specific
	CHLOROMETHANE	0QE	1p9u	3.37	Specific
	(4R)-2-METHYLPENTANE-2,4-DIOL	MRD	1lvo	3.37	Non-specific
	N-[(5-METHYLISOXAZOL-3-YL)CARBONYL]-L-ALANYL-L-VALYL-N~1~-((1S)-4-ETHOXY-4-OXO-1-{[(3S)-2-OXOPYRROLIDIN-3-YL]METHYL}BUT-2-ENYL)-L-LEUCINAMIDE	I12	2amp	3.37	Specific
	(4R)-2-METHYLPENTANE-2,4-DIOL	MRD	1lvo	3.37	Non-specific
	(4R)-2-METHYLPENTANE-2,4-DIOL	MRD	1lvo	3.37	Non-specific
	(4R)-2-METHYLPENTANE-2,4-DIOL	MRD	1lvo	3.37	Non-specific
	(1S,2S)-2-({N-[(BENZYLOXY)CARBONYL]-L-LEUCYL}AMINO)-1-HYDROXY-3-[(3S)-2-OXOPYRROLIDIN-3-YL]PROPANE-1-SULFONIC ACID	K36	4f49	3.37	Specific
	(4R)-2-METHYLPENTANE-2,4-DIOL	MRD	1p9u	3.37	Non-specific
	(4R)-2-METHYLPENTANE-2,4-DIOL	MRD	1p9u	3.37	Non-specific
	(4R)-2-METHYLPENTANE-2,4-DIOL	MRD	1lvo	3.37	Non-specific
	(4R)-2-METHYLPENTANE-2,4-DIOL	MRD	1p9u	3.37	Non-specific
	SULFATE ION	SO4	1p9u	3.37	Non-specific
	SULFATE ION	SO4	1lvo	3.37	Non-specific
	SULFATE ION	SO4	1lvo	3.37	Non-specific
	SULFATE ION	SO4	1p9u	3.37	Non-specific
	SULFATE ION	SO4	1lvo	3.37	Non-specific
	SULFATE ION	SO4	1lvo	3.37	Non-specific
	(4R)-2-METHYLPENTANE-2,4-DIOL	MRD	1lvo	3.37	Non-specific
	(4R)-2-METHYLPENTANE-2,4-DIOL	MRD	1lvo	3.37	Non-specific
	COENZYME A	COA	3l92	1.71	Specific
	COENZYME A	COA	3l92	1.71	Specific
	COENZYME A	COA	3l92	1.71	Specific
	COENZYME A	COA	3otw	1.71	Specific
	COENZYME A	COA	3otw	1.71	Specific
	COENZYME A	COA	3otw	1.71	Specific
	COENZYME A	COA	3otw	1.71	Specific
	COENZYME A	COA	3otw	1.71	Specific
	GLYCEROL	GOL	4aad	1.63	Non-specific
	5-METHYL-2'-DEOXY-CYTIDINE-5'-MONOPHOSPHATE	5CM	4aqu	1.63	Specific
	5-METHYL-2'-DEOXY-CYTIDINE-5'-MONOPHOSPHATE	5CM	4aqx	1.63	Specific
	ACETYL GROUP	ACE	4zbj	1.61	Non-specific
	1,2-ETHANEDIOL	EDO	3mw8	1.59	Non-specific
	GLYCEROL	GOL	4fq9	1.57	Non-specific
	UNKNOWN ATOM OR ION	UNX	1y80	1.56	Specific
	SULFATE ION	SO4	4gqf	1.53	Non-specific
	N-(IODOACETYL)-L-VALYL-L-PHENYLALANINAMIDE	IVF	1qa7	1.52	Specific
	N-(IODOACETYL)-L-VALYL-L-PHENYLALANINAMIDE	IVF	1qa7	1.52	Specific
	N-(IODOACETYL)-L-VALYL-L-PHENYLALANINAMIDE	IVF	1qa7	1.52	Specific
	FLUOROMETHANE	CF0	2h6m	1.52	Specific
	N-(IODOACETYL)-L-VALYL-L-PHENYLALANINAMIDE	IVF	1qa7	1.52	Specific
	FLUOROMETHANE	CF0	2h9h	1.52	Specific
	N-(IODOACETYL)-L-VALYL-L-PHENYLALANINAMIDE	IVF	1qa7	1.52	Specific
	N-(IODOACETYL)-L-VALYL-L-PHENYLALANINAMIDE	IVF	1qa7	1.52	Specific
	N-(IODOACETYL)-L-VALYL-L-PHENYLALANINAMIDE	IVF	1qa7	1.52	Specific
	N-(IODOACETYL)-L-VALYL-L-PHENYLALANINAMIDE	IVF	1qa7	1.52	Specific
	N-(IODOACETYL)-L-VALYL-L-PHENYLALANINAMIDE	IVF	1qa7	1.52	Specific
	N-(IODOACETYL)-L-VALYL-L-PHENYLALANINAMIDE	IVF	1qa7	1.52	Specific
	N-(IODOACETYL)-L-VALYL-L-PHENYLALANINAMIDE	IVF	1qa7	1.52	Specific
	N-(IODOACETYL)-L-VALYL-L-PHENYLALANINAMIDE	IVF	1qa7	1.52	Specific
	SULFATE ION	SO4	4l2m	1.44	Non-specific
	SULFATE ION	SO4	4l2m	1.44	Non-specific
	B-OCTYLGLUCOSIDE	BOG	3wj1	1.42	Non-specific
	4-(CARBAMOYLAMINO)-1-(NAPHTHALEN-1-YL)-1H-PYRAZOLE-3-CARBOXAMIDE	M0Y	4m0y	1.42	Specific
	N-{1-[(1S)-3-(DIMETHYLAMINO)-1-PHENYLPROPYL]-1H-PYRAZOL-4-YL}-6-(1H-PYRAZOL-4-YL)-1H-INDAZOLE-3-CARBOXAMIDE	2VV	4ppb	1.42	Specific
	3-{1-[(3R)-1-ACRYLOYLPIPERIDIN-3-YL]-4-AMINO-1H-PYRAZOLO[3,4-D]PYRIMIDIN-3-YL}-N-(3-TERT-BUTYLPHENYL) BENZAMIDE	18R	4hct	1.42	Specific
	(1S,2S)-2-{4-[(DIMETHYLAMINO)METHYL]PHENYL}-N-[6-(PYRIDIN-3-YL)-1,3-BENZOTHIAZOL-2-YL]CYCLOPROPANECARBOXAMIDE	29Z	4mf0	1.42	Specific
	TRANS-4-({6-[(5-PHENYL-1H-PYRAZOL-3-YL)AMINO]-4-(PHENYLSULFONYL)PYRIDIN-2-YL}AMINO)CYCLOHEXANOL	30T	4qd6	1.42	Specific
	STAUROSPORINE	STU	1sm2	1.42	Specific
	N-[5-({5-[(4-ACETYLPIPERAZIN-1-YL)CARBONYL]-4-METHOXY-2-METHYLPHENYL}SULFANYL)-1,3-THIAZOL-2-YL]-4-({[(1S)-1,2,2-TRIMETHYLPROPYL]AMINO}METHYL)BENZAMIDE	MJG	3mj2	1.42	Specific
	TRANS-4-({4-[DIFLUORO(4-FLUOROPHENYL)METHYL]-6-[(5-METHOXY[1,3]THIAZOLO[5,4-B]PYRIDIN-2-YL) AMINO]PYRIMIDIN-2-YL}AMINO)CYCLOHEXANOL	G7K	4l7s	1.42	Specific
	3-[2-(5-PHENYL-2H-THIENO[3,2-C]PYRAZOL-3-YL)-1H-INDOL-6-YL]PENTAN-3-OL	0G2	3v8w	1.42	Specific
	3-[2-(5-PHENYL-2H-THIENO[3,2-C]PYRAZOL-3-YL)-1H-INDOL-6-YL]PENTAN-3-OL	0G2	3v8w	1.42	Specific
	TRANS-4-({4-[DIFLUORO(4-FLUOROPHENYL)METHYL]-6-[(5-METHOXY[1,3]THIAZOLO[5,4-B]PYRIDIN-2-YL) AMINO]PYRIMIDIN-2-YL}AMINO)CYCLOHEXANOL	G7K	4l7s	1.42	Specific
	N-{1-[(1S)-3-(DIMETHYLAMINO)-1-PHENYLPROPYL]-1H-PYRAZOL-4-YL}-6-(1H-PYRAZOL-4-YL)-1H-INDAZOLE-3-CARBOXAMIDE	2VV	4ppb	1.42	Specific
	TRANS-4-({6-[(5-PHENYL-1H-PYRAZOL-3-YL)AMINO]-4-(PHENYLSULFONYL)PYRIDIN-2-YL}AMINO)CYCLOHEXANOL	30T	4qd6	1.42	Specific
	(2Z)-4-(DIMETHYLAMINO)-N-{7-FLUORO-4-[(2-METHYLPHENYL) AMINO]IMIDAZO[1,5-A]QUINOXALIN-8-YL}-N-METHYLBUT-2-ENAMIDE	IAQ	3t9t	1.42	Specific
	(4AS,5AR)-N-{1-[(R)-[(2R)-1,1-DIOXIDOTETRAHYDRO-2H-THIOPYRAN-2-YL](PHENYL)METHYL]-1H-PYRAZOL-4-YL}-5,5-DIFLUORO-5A-METHYL-1,4,4A,5,5A,6-HEXAHYDROCYCLOPROPA[F]INDAZOLE-3-CARBOXAMIDE	3P6	4rfm	1.42	Specific
	3-[(8-PHENYLTHIENO[2,3-H]QUINAZOLIN-2-YL) AMINO]BENZENESULFONAMIDE	PQC	3qgw	1.42	Specific
	3-{4-AMINO-1-[(3R)-1-PROPANOYLPIPERIDIN-3-YL]-1H-PYRAZOLO[3,4-D]PYRIMIDIN-3-YL}-N-[4-(PROPAN-2-YL) PHENYL]BENZAMIDE	13L	4hcu	1.42	Specific
	N-{1-[(1S)-3-(DIMETHYLAMINO)-1-PHENYLPROPYL]-1H-PYRAZOL-4-YL}-6-(1H-PYRAZOL-4-YL)-1H-INDAZOLE-3-CARBOXAMIDE	2VV	4ppb	1.42	Specific
	N-{1-[(1S)-3-(DIMETHYLAMINO)-1-PHENYLPROPYL]-1H-PYRAZOL-4-YL}-6-(1H-PYRAZOL-4-YL)-1H-INDAZOLE-3-CARBOXAMIDE	2VV	4ppb	1.42	Specific
	ADENOSINE-5'-DIPHOSPHATE	ADP	4m15	1.42	Specific
	5'-O-(N-(L-CYSTEINYL)-SULFAMOYL)ADENOSINE	5CA	1nj1	1.41	Specific
	GLYCEROL	GOL	3sfu	1.37	Non-specific
	SULFATE ION	SO4	3sfg	1.37	Non-specific
	4'-DIPHOSPHO PANTETHEINE	4PS	3k9w	1.35	Specific
	AMMONIUM ION	NH4	2wcw	1.33	Non-specific
	(4S)-4-AMINO-5-HYDROXY-N,N-DIMETHYLPENTANAMIDE	1HB	4inh	1.32	Specific
	(1S,2S)-2-({N-[(BENZYLOXY)CARBONYL]-L-LEUCYL}AMINO)-1-HYDROXY-3-[(3S)-2-OXOPYRROLIDIN-3-YL]PROPANE-1-SULFONIC ACID	K36	3ur9	1.32	Specific
	(1R,2S)-2-({N-[(BENZYLOXY)CARBONYL]-3-CYCLOHEXYL-L-ALANYL}AMINO)-1-HYDROXY-3-[(3S)-2-OXOPYRROLIDIN-3-YL]PROPANE-1-SULFONIC ACID	M40	4xbd	1.32	Specific
	DIETHYL [(1R,2S)-2-[(N-{[(3-CHLOROBENZYL)OXY]CARBONYL}-3-CYCLOHEXYL-L-ALANYL)AMINO]-1-HYDROXY-3-(2-OXO-2H-PYRROL-3-YL)PROPYL]PHOSPHONATE	3ZR	4xbb	1.32	Specific
	(4S)-4-AMINO-5-HYDROXY-N,N-DIMETHYLPENTANAMIDE	1HB	4inh	1.32	Specific
	(4S)-4-AMINO-5-HYDROXY-N,N-DIMETHYLPENTANAMIDE	1HB	4imz	1.32	Specific
	(4S)-4-AMINO-5-HYDROXY-N,N-DIMETHYLPENTANAMIDE	1HB	4inh	1.32	Specific
	(4S)-4-AMINO-5-HYDROXY-N,N-DIMETHYLPENTANAMIDE	1HB	4inh	1.32	Specific
	(4S)-4-AMINO-5-HYDROXY-N,N-DIMETHYLPENTANAMIDE	1HB	4inh	1.32	Specific
	(4S)-4-AMINO-5-HYDROXY-N,N-DIMETHYLPENTANAMIDE	1HB	4inh	1.32	Specific
	(1S,2S)-2-({N-[(BENZYLOXY)CARBONYL]-L-LEUCYL}AMINO)-1-HYDROXY-3-[(3S)-2-OXOPYRROLIDIN-3-YL]PROPANE-1-SULFONIC ACID	K36	3ur9	1.32	Specific
	DIETHYL [(1R,2S)-2-[(N-{[(3-CHLOROBENZYL)OXY]CARBONYL}-3-CYCLOHEXYL-L-ALANYL)AMINO]-1-HYDROXY-3-(2-OXO-2H-PYRROL-3-YL)PROPYL]PHOSPHONATE	3ZR	4xbb	1.32	Specific
	(1R,2S)-2-({N-[(BENZYLOXY)CARBONYL]-3-CYCLOHEXYL-L-ALANYL}AMINO)-1-HYDROXY-3-[(3S)-2-OXOPYRROLIDIN-3-YL]PROPANE-1-SULFONIC ACID	M40	4xbd	1.32	Specific
	(1R,2S)-2-({N-[(BENZYLOXY)CARBONYL]-3-CYCLOHEXYL-L-ALANYL}AMINO)-1-HYDROXY-3-[(3S)-2-OXOPYRROLIDIN-3-YL]PROPANE-1-SULFONIC ACID	M40	4xbd	1.32	Specific
	(1R,2S)-2-({N-[(BENZYLOXY)CARBONYL]-3-CYCLOHEXYL-L-ALANYL}AMINO)-1-HYDROXY-3-[(3S)-2-OXOPYRROLIDIN-3-YL]PROPANE-1-SULFONIC ACID	M40	4xbc	1.32	Specific
	(4S)-4-AMINO-5-HYDROXY-N,N-DIMETHYLPENTANAMIDE	1HB	4inh	1.32	Specific
	(1S,2S)-2-({N-[(BENZYLOXY)CARBONYL]-L-LEUCYL}AMINO)-1-HYDROXY-3-[(3S)-2-OXOPYRROLIDIN-3-YL]PROPANE-1-SULFONIC ACID	K36	3ur9	1.32	Specific
	(4S)-4-AMINO-5-HYDROXY-N,N-DIMETHYLPENTANAMIDE	1HB	4inh	1.32	Specific
	N-[(2S)-2-AMINO-3-HYDROXYPROPYL]ACETAMIDE	1HD	4imq	1.32	Specific
	(1R,2S)-2-({N-[(BENZYLOXY)CARBONYL]-3-CYCLOHEXYL-L-ALANYL}AMINO)-1-HYDROXY-3-[(3S)-2-OXOPYRROLIDIN-3-YL]PROPANE-1-SULFONIC ACID	M40	4xbd	1.32	Specific
	(1S,2S)-2-({N-[(BENZYLOXY)CARBONYL]-L-LEUCYL}AMINO)-1-HYDROXY-3-[(3S)-2-OXOPYRROLIDIN-3-YL]PROPANE-1-SULFONIC ACID	K36	3ur9	1.32	Specific
	BENZAMIDINE	BEN	4e2k	1.31	Non-specific
	BENZAMIDINE	BEN	4edr	1.31	Non-specific
	BENZAMIDINE	BEN	4edk	1.31	Non-specific
	N-(5-AMINO-2,6-DIOXO-1,2,3,6-TETRAHYDROPYRIMIDIN-4-YL)-5-O-PHOSPHONO-BETA-D-RIBOFURANOSYLAMINE	AOF	4g3m	1.31	Specific
	N-(5-AMINO-2,6-DIOXO-1,2,3,6-TETRAHYDROPYRIMIDIN-4-YL)-5-O-PHOSPHONO-BETA-D-RIBOFURANOSYLAMINE	AOF	4g3m	1.31	Specific
	N-(5-AMINO-2,6-DIOXO-1,2,3,6-TETRAHYDROPYRIMIDIN-4-YL)-5-O-PHOSPHONO-BETA-D-RIBOFURANOSYLAMINE	AOF	4g3m	1.31	Specific
	URIDINE-5'-MONOPHOSPHATE	U5P	2j4j	1.31	Specific
	URIDINE-5'-MONOPHOSPHATE	U5P	2j4j	1.31	Specific
	URIDINE 5'-TRIPHOSPHATE	UTP	2j4l	1.31	Specific
	URIDINE-5'-MONOPHOSPHATE	U5P	2j4j	1.31	Specific
	URIDINE 5'-TRIPHOSPHATE	UTP	2j4l	1.31	Specific
	URIDINE-5'-MONOPHOSPHATE	U5P	2j4k	1.31	Specific
	URIDINE 5'-TRIPHOSPHATE	UTP	2j4l	1.31	Specific
	URIDINE-5'-MONOPHOSPHATE	U5P	2j4k	1.31	Specific
	D-GLUTAMINE	DGN	1epr	1.31	Specific
	DEUTERATED WATER	DOD	2vs2	1.31	Non-specific
	SULFATE ION	SO4	3of4	1.3	Non-specific
	4-{2-(4-FLUORO-BENZYL)-6-METHYL-5-[(5-METHYL-ISOXAZOLE-3-CARBONYL)-AMINO]-4-OXO-HEPTANOYLAMINO}-5-(2-OXO-PYRROLIDIN-3-YL)-PENTANOIC ACID ETHYL ESTER	AG7	1cqq	1.3	Specific
	2-PHENYLQUINOLIN-4-OL	7L4	2xya	1.3	Specific
	CYTIDINE-5'-MONOPHOSPHATE	C5P	4c8g	1.28	Specific
	CYTIDINE-5'-MONOPHOSPHATE	C5P	4c8g	1.28	Specific
	CYTIDINE-5'-MONOPHOSPHATE	C5P	4c8e	1.28	Specific
	CYTIDINE-5'-MONOPHOSPHATE	C5P	4c8e	1.28	Specific
	1,2-ETHANEDIOL	EDO	4g4i	1.26	Non-specific
	FLAVIN MONONUCLEOTIDE	FMN	3mzi	1.26	Specific
	2-AMINO-2-HYDROXYMETHYL-PROPANE-1,3-DIOL	TRS	1vez	1.25	Non-specific
	FORMIC ACID	FMT	3geu	1.25	Non-specific
	[3-(3-{[2-CHLORO-3-(TRIFLUOROMETHYL)BENZYL](2,2-DIPHENYLETHYL)AMINO}PROPOXY)PHENYL]ACETIC ACID	965	3ipq	1.24	Specific
	4-{[METHYL(3-{[7-PROPYL-3-(TRIFLUOROMETHYL)-1,2-BENZISOXAZOL-6-YL]OXY}PROPYL)CARBAMOYL]AMINO}BENZOIC ACID	O40	3ipu	1.24	Specific
	{3-CHLORO-4-[(3-{[7-PROPYL-3-(TRIFLUOROMETHYL)-1,2-BENZISOXAZOL-6-YL]OXY}PROPYL)SULFANYL]PHENYL}ACETIC ACID	O90	3ips	1.24	Specific
	4-{[METHYL(3-{[7-PROPYL-3-(TRIFLUOROMETHYL)-1,2-BENZISOXAZOL-6-YL]OXY}PROPYL)CARBAMOYL]AMINO}BENZOIC ACID	O40	3ipu	1.24	Specific
	{3-CHLORO-4-[(3-{[7-PROPYL-3-(TRIFLUOROMETHYL)-1,2-BENZISOXAZOL-6-YL]OXY}PROPYL)SULFANYL]PHENYL}ACETIC ACID	O90	3ips	1.24	Specific
	1,2-ETHANEDIOL	EDO	4uzg	1.24	Non-specific
	SULFATE ION	SO4	4ml0	1.23	Non-specific
	4-[2-(5,5,8,8-TETRAMETHYL-5,6,7,8-TETRAHYDRO-NAPHTHALEN-2-YL)-[1,3]DIOXOLAN-2-YL]-BENZOIC ACID	BM6	1mzn	1.23	Specific
	4-[1-(3,5,5,8,8-PENTAMETHYL-5,6,7,8-TETRAHYDRONAPHTHALEN-2-YL)ETHENYL]BENZOIC ACID	9RA	3h0a	1.23	Specific
	4-[2-(5,5,8,8-TETRAMETHYL-5,6,7,8-TETRAHYDRO-NAPHTHALEN-2-YL)-[1,3]DIOXOLAN-2-YL]-BENZOIC ACID	BM6	1mzn	1.23	Specific
	(2E)-3-[4-HYDROXY-3-(5,5,8,8-TETRAMETHYL-3-PROPOXY-5, 6,7,8-TETRAHYDRONAPHTHALEN-2-YL)PHENYL]ACRYLIC ACID	5TN	2p1v	1.23	Specific
	OLEIC ACID	OLA	1dkf	1.23	Specific
	(9CIS)-RETINOIC ACID	9CR	1k74	1.23	Specific
	4-[2-(5,5,8,8-TETRAMETHYL-5,6,7,8-TETRAHYDRO-NAPHTHALEN-2-YL)-[1,3]DIOXOLAN-2-YL]-BENZOIC ACID	BM6	1mzn	1.23	Specific
	(2E,6Z,8E)-3,7-DIMETHYL-8-[(4R)-4-METHYL-3,4-DIHYDRONAPHTHALEN-1(2H)-YLIDENE]OCTA-2,6-DIENOIC ACID	R4M	4m8h	1.23	Specific
	5,5'-DI(PROP-2-EN-1-YL)BIPHENYL-2,2'-DIOL	MLO	3r5m	1.23	Specific
	4-[2-(5,5,8,8-TETRAMETHYL-5,6,7,8-TETRAHYDRO-NAPHTHALEN-2-YL)-[1,3]DIOXOLAN-2-YL]-BENZOIC ACID	BM6	1mvc	1.23	Specific
	RETINOIC ACID	REA	1fby	1.23	Specific
	(2E)-3-[4-HYDROXY-3-(3-METHOXY-5,5,8,8-TETRAMETHYL-5, 6,7,8-TETRAHYDRONAPHTHALEN-2-YL)PHENYL]ACRYLIC ACID	3TN	2p1t	1.23	Specific
	4-[2-(1,1,3,3-TETRAMETHYL-2,3-DIHYDRO-1H-INDEN-5-YL)-1, 3-DIOXOLAN-2-YL]BENZOIC ACID	P26	2zxz	1.23	Specific
	(2E)-3-[3-(3-ETHOXY-5,5,8,8-TETRAMETHYL-5,6,7,8-TETRAHYDRONAPHTHALEN-2-YL)-4-HYDROXYPHENYL]ACRYLIC ACID	4TN	2p1u	1.23	Specific
	DOCOSA-4,7,10,13,16,19-HEXAENOIC ACID	HXA	1mv9	1.23	Specific
	RETINOIC ACID	REA	2acl	1.23	Specific
	RETINOIC ACID	REA	2acl	1.23	Specific
	4-[2-(1,1,3,3-TETRAMETHYL-2,3-DIHYDRO-1H-1,3-BENZODISILOL-5-YL)-1,3-DIOXOLAN-2-YL]BENZOIC ACID	21P	2zy0	1.23	Specific
	1,2-ETHANEDIOL	EDO	4yfy	1.21	Non-specific
	1,2-ETHANEDIOL	EDO	4yfv	1.21	Non-specific
	NADP NICOTINAMIDE-ADENINE-DINUCLEOTIDE PHOSPHATE	NAP	2zza	1.21	Specific
	NADP NICOTINAMIDE-ADENINE-DINUCLEOTIDE PHOSPHATE	NAP	2zza	1.21	Specific
	NADPH DIHYDRO-NICOTINAMIDE-ADENINE-DINUCLEOTIDE PHOSPHATE	NDP	3ia4	1.21	Specific
	NADPH DIHYDRO-NICOTINAMIDE-ADENINE-DINUCLEOTIDE PHOSPHATE	NDP	3ia4	1.21	Specific
	NADPH DIHYDRO-NICOTINAMIDE-ADENINE-DINUCLEOTIDE PHOSPHATE	NDP	3ia4	1.21	Specific
	1,2-ETHANEDIOL	EDO	4tm7	1.2	Non-specific
	3-(6-FLUORO-1H-BENZIMIDAZOL-2-YL)-N-(NAPHTHALEN-2-YLCARBONYL)-D-ALANINE	39X	4tyo	1.2	Specific
	3-FLUORO-N-(NAPHTHALEN-2-YLCARBONYL)-D-PHENYLALANINE	GIA	3i6c	1.2	Specific
	3-(1H-BENZIMIDAZOL-2-YL)PROPANOIC ACID	4BX	3kac	1.2	Specific
	(2R,4E)-2-[(NAPHTHALEN-2-YLCARBONYL)AMINO]-5-PHENYLPENT-4-ENOIC ACID	JZI	3jyj	1.2	Specific
	(2R)-2-[(1-BENZOTHIOPHEN-2-YLCARBONYL)AMINO]-3-(3-METHYLPHENYL)PROPYL PHOSPHATE	J8Z	3ikg	1.2	Specific
	(2R)-2-[(1-BENZOTHIOPHEN-2-YLCARBONYL)AMINO]-3-(3-METHYLPHENYL)PROPYL PHOSPHATE	J8Z	3ikg	1.2	Specific
	3-(1H-BENZIMIDAZOL-2-YL)PROPANOIC ACID	4BX	3kac	1.2	Specific
	3-FLUORO-N-(NAPHTHALEN-2-YLCARBONYL)-D-PHENYLALANINE	GIA	3i6c	1.2	Specific
	(2R,4E)-2-[(NAPHTHALEN-2-YLCARBONYL)AMINO]-5-PHENYLPENT-4-ENOIC ACID	JZI	3jyj	1.2	Specific
	(2R)-2-[(1-BENZOTHIOPHEN-2-YLCARBONYL)AMINO]-3-PHENYLPROPYL PHOSPHATE	J9Z	3ikd	1.2	Specific
	3-(6-FLUORO-1H-BENZIMIDAZOL-2-YL)-N-(NAPHTHALEN-2-YLCARBONYL)-D-ALANINE	39X	4tyo	1.2	Specific
	(4S)-2-METHYL-2,4-PENTANEDIOL	MPD	2ixb	1.19	Non-specific
	(4S)-2-METHYL-2,4-PENTANEDIOL	MPD	2ixa	1.19	Non-specific
	SULFATE ION	SO4	2h8v	1.18	Non-specific
	S-ADENOSYL-L-HOMOCYSTEINE	SAH	4jwj	1.17	Specific
	S-ADENOSYL-L-HOMOCYSTEINE	SAH	4jwj	1.17	Specific
	DEPHOSPHO COENZYME A	COD	3rba	1.17	Specific
	DEPHOSPHO COENZYME A	COD	3rba	1.17	Specific
	{3-[(1R,3S)-1,3-DIHYDROXYPENTYL]-4,5,9,10-TETRAHYDROXY-2-ANTHRYL}ACETATE	AKV	2f99	1.16	Specific
	{3-[(1R,3S)-1,3-DIHYDROXYPENTYL]-4,5,9,10-TETRAHYDROXY-2-ANTHRYL}ACETATE	AKV	2f99	1.16	Specific
	{3-[(1R,3S)-1,3-DIHYDROXYPENTYL]-4,5,9,10-TETRAHYDROXY-2-ANTHRYL}ACETATE	AKV	2f99	1.16	Specific
	{3-[(1R,3S)-1,3-DIHYDROXYPENTYL]-4,5,9,10-TETRAHYDROXY-2-ANTHRYL}ACETATE	AKV	2f99	1.16	Specific
	{3-[(1R,3S)-1,3-DIHYDROXYPENTYL]-4,5,9,10-TETRAHYDROXY-2-ANTHRYL}ACETATE	AKV	2f99	1.16	Specific
	{3-[(1R,3S)-1,3-DIHYDROXYPENTYL]-4,5,9,10-TETRAHYDROXY-2-ANTHRYL}ACETATE	AKV	2f99	1.16	Specific
	{3-[(1R,3S)-1,3-DIHYDROXYPENTYL]-4,5,9,10-TETRAHYDROXY-2-ANTHRYL}ACETATE	AKV	2f99	1.16	Specific
	{3-[(1R,3S)-1,3-DIHYDROXYPENTYL]-4,5,9,10-TETRAHYDROXY-2-ANTHRYL}ACETATE	AKV	2f99	1.16	Specific
	GLYCEROL	GOL	3zh9	1.15	Non-specific
	(4S)-2-METHYL-2,4-PENTANEDIOL	MPD	3aik	1.14	Non-specific
	(4S)-2-METHYL-2,4-PENTANEDIOL	MPD	3aio	1.14	Non-specific
	(4S)-2-METHYL-2,4-PENTANEDIOL	MPD	3aik	1.14	Non-specific
	(4S)-2-METHYL-2,4-PENTANEDIOL	MPD	3aik	1.14	Non-specific
	(4S)-2-METHYL-2,4-PENTANEDIOL	MPD	3aik	1.14	Non-specific
	(4R)-2-METHYLPENTANE-2,4-DIOL	MRD	3aim	1.14	Non-specific
	(4S)-2-METHYL-2,4-PENTANEDIOL	MPD	3aim	1.14	Non-specific
	(4S)-2-METHYL-2,4-PENTANEDIOL	MPD	3aim	1.14	Non-specific
	(4R)-2-METHYLPENTANE-2,4-DIOL	MRD	3aim	1.14	Non-specific
	(4S)-2-METHYL-2,4-PENTANEDIOL	MPD	3aim	1.14	Non-specific
	(4S)-2-METHYL-2,4-PENTANEDIOL	MPD	3aim	1.14	Non-specific
	(4S)-2-METHYL-2,4-PENTANEDIOL	MPD	3aio	1.14	Non-specific
	2-[[6-[[[2-(3-HYDROXYPROPYL)-5-METHYLPHENYL]AMINO]METHYL]-2-[[3-(4-MORPHOLINYL) PROPYL]AMINO]-1H-BENZIMIDAZOL-1-YL]METHYL]-6-METHYL-3-PYRIDINOL	TM3	3kpe	1.12	Specific
	FLAVIN-ADENINE DINUCLEOTIDE	FAD	2rgj	1.12	Specific
	FLAVIN-ADENINE DINUCLEOTIDE	FAD	3c96	1.12	Specific
	SULFATE ION	SO4	2ab5	1.11	Non-specific
	SULFATE ION	SO4	2ab5	1.11	Non-specific
	PENTAETHYLENE GLYCOL	1PE	1scf	1.1	Non-specific
	PENTAETHYLENE GLYCOL	1PE	1scf	1.1	Non-specific
	RETINOIC ACID	3KV	4tns	1.1	Specific
	GLYCEROL	GOL	3r0d	1.09	Non-specific
	GLYCEROL	GOL	3r0d	1.09	Non-specific
	[(1S,5R,6R,8R)-6-(6-AMINOPURIN-9-YL)-2'-(3-OXIDANYLPROPOXY)SPIRO[2,4,7-TRIOXA-3-BORANUIDABICYCLO[3.3.0]OCTANE-3,9'-8-OXA-9-BORANUIDABICYCLO[4.3.0]NONA-1(6),2,4-TRIENE]-8-YL]METH DIHYDROGEN PHOSPHATE	DJF	3zju	1.09	Specific
	PROTOPORPHYRIN IX CONTAINING FE	HEM	3ved	1.09	Specific
	PROTOPORPHYRIN IX CONTAINING FE	HEM	3vef	1.09	Specific
	PROTOPORPHYRIN IX CONTAINING FE	HEM	3ved	1.09	Specific
	PROTOPORPHYRIN IX CONTAINING FE	HEM	3ved	1.09	Specific
	PROTOPORPHYRIN IX CONTAINING FE	HEM	3veg	1.09	Specific
	PROTOPORPHYRIN IX CONTAINING FE	HEM	3vef	1.09	Specific
	PROTOPORPHYRIN IX CONTAINING FE	HEM	3vee	1.09	Specific
	PROTOPORPHYRIN IX CONTAINING FE	HEM	3qnr	1.09	Specific
	PROTOPORPHYRIN IX CONTAINING FE	HEM	3vee	1.09	Specific
	PROTOPORPHYRIN IX CONTAINING FE	HEM	3vec	1.09	Specific
	PROTOPORPHYRIN IX CONTAINING FE	HEM	3qns	1.09	Specific
	PROTOPORPHYRIN IX CONTAINING FE	HEM	4hov	1.09	Specific
	PROTOPORPHYRIN IX CONTAINING FE	HEM	3veg	1.09	Specific
	PROTOPORPHYRIN IX CONTAINING FE	HEM	3vef	1.09	Specific
	PROTOPORPHYRIN IX CONTAINING FE	HEM	3qnr	1.09	Specific
	PROTOPORPHYRIN IX CONTAINING FE	HEM	3vee	1.09	Specific
	PROTOPORPHYRIN IX CONTAINING FE	HEM	3qnr	1.09	Specific
	PROTOPORPHYRIN IX CONTAINING FE	HEM	4hov	1.09	Specific
	PROTOPORPHYRIN IX CONTAINING FE	HEM	3vec	1.09	Specific
	PROTOPORPHYRIN IX CONTAINING FE	HEM	3vec	1.09	Specific
	PROTOPORPHYRIN IX CONTAINING FE	HEM	4hov	1.09	Specific
	PROTOPORPHYRIN IX CONTAINING FE	HEM	3veg	1.09	Specific
	PROTOPORPHYRIN IX CONTAINING FE	HEM	1aoq	1.09	Specific
	HEME C	HEC	1e2r	1.09	Specific
	SULFATE ION	SO4	1h9x	1.09	Non-specific
	HEME C	HEC	1hj4	1.09	Specific
	GLYCEROL	GOL	2ia1	1.08	Non-specific
	1,2-ETHANEDIOL	EDO	3l2h	1.08	Non-specific
	1,2-ETHANEDIOL	EDO	3l2h	1.08	Non-specific
	1,2-DIACYL-SN-GLYCERO-3-PHOSPHOCHOLINE	PC1	1bp1	1.06	Specific
	1,2-ETHANEDIOL	EDO	4wha	1.05	Non-specific
	ACETATE ION	ACT	3pzw	1.05	Non-specific
	DODECAETHYLENE GLYCOL	12P	2ba9	1.04	Non-specific
	4-{2-(4-FLUORO-BENZYL)-6-METHYL-5-[(5-METHYL-ISOXAZOLE-3-CARBONYL)-AMINO]-4-OXO-HEPTANOYLAMINO}-5-(2-OXO-PYRROLIDIN-3-YL)-PENTANOIC ACID ETHYL ESTER	AG7	3sji	1.04	Specific
	2-(BUTANOYLOXY)-1-{[(HYDROXY{[2,3,4,6-TETRAHYDROXY-5-(PHOSPHONOOXY)CYCLOHEXYL]OXY}PHOSPHORYL) OXY]METHYL}ETHYL BUTANOATE	PIB	1ocu	1.03	Specific
	2-(BUTANOYLOXY)-1-{[(HYDROXY{[2,3,4,6-TETRAHYDROXY-5-(PHOSPHONOOXY)CYCLOHEXYL]OXY}PHOSPHORYL) OXY]METHYL}ETHYL BUTANOATE	PIB	1ocu	1.03	Specific
	1,2-ETHANEDIOL	EDO	4bzx	1.03	Non-specific
	FLAVIN MONONUCLEOTIDE	FMN	2z6d	1.02	Specific
	FLAVIN MONONUCLEOTIDE	FMN	2z6d	1.02	Specific
	N-[(1E,2R)-1-[(2R)-2-{[(2S)-1-AMINO-5-CARBAMIMIDAMIDO-1-OXOPENTAN-2-YL]CARBAMOYL}CYCLOPENTYLIDENE]-3-(PHOSPHONOOXY)PROPAN-2-YL]-L-PHENYLALANINAMIDE	3TB	3tdb	1.02	Specific
	5-(2-METHOXYPHENYL)-2-FUROIC ACID	B21	2xp3	1.02	Specific
	3-(1H-BENZIMIDAZOL-2-YL)-N-(3-PHENYLPROPANOYL)-D-ALANINE	4C0	3kad	1.02	Specific
	2-{2-[2-(2-{2-[2-(2-ETHOXY-ETHOXY)-ETHOXY]-ETHOXY}-ETHOXY)-ETHOXY]-ETHOXY}-ETHANOL	PE4	3oob	1.02	Non-specific
	2-(3-CHLORO-PHENYL)-5-METHYL-1H-IMIDAZOLE-4-CARBOXYLIC ACID	4G2	2xp6	1.02	Specific
	2-PHENYL-1H-IMIDAZOLE-4-CARBOXYLIC ACID	G14	2xp4	1.02	Specific
	4-[BENZYL(CARBOXYMETHYL)CARBAMOYL]-2-PHENYL-1H-IMIDAZOLE-5-CARBOXYLIC ACID	4G8	2xp9	1.02	Specific
	(11ALPHA,16ALPHA)-9-FLUORO-11,17-DIHYDROXY-16-METHYL-3, 20-DIOXOPREGNA-1,4-DIEN-21-YL DIHYDROGEN PHOSPHATE	3T5	3tc5	1.02	Specific
	3-(1H-BENZIMIDAZOL-2-YL)-N-[(1-METHYL-3-PHENYL-1H-PYRAZOL-5-YL)CARBONYL]-D-ALANINE	4DH	3kah	1.02	Specific
	N~2~-({(1R,2Z)-2-[(2R)-2-(FORMYLAMINO)-3-(PHOSPHONOOXY)PROPYLIDENE]CYCLOPENTYL}CARBONYL)-L-ARGININAMIDE	R2Z	3tcz	1.02	Specific
	5-METHYL-1H-INDOLE-2-CARBOXYLIC ACID	4BY	3kce	1.02	Specific
	2,3-DIHYDROXY-1,4-DITHIOBUTANE	DTT	3wh0	1.02	Specific
	FLAVIN-ADENINE DINUCLEOTIDE	FAD	4c3x	1.02	Specific
	FLAVIN-ADENINE DINUCLEOTIDE	FAD	4c3y	1.02	Specific
	SULFATE ION	SO4	3q8x	1.01	Non-specific
	SULFATE ION	SO4	3q8x	1.01	Non-specific
	SULFATE ION	SO4	1gvn	1.01	Non-specific
	SULFATE ION	SO4	1gvn	1.01	Non-specific
	URIDINE-DIPHOSPHATE-N-ACETYLGLUCOSAMINE	UD1	3q8x	1.01	Specific
	URIDINE-5'-DIPHOSPHATE-GLUCOSE	UPG	3jsz	1.01	Specific
	TETRAETHYLENE GLYCOL	PG4	3fgt	1	Specific
Binding Site 2
	GLYCEROL	GOL	2z3e	4.66	Non-specific
	GLYCEROL	GOL	2z3e	4.66	Non-specific
Binding Site 3
	1,2-ETHANEDIOL	EDO	3vb4	4.66	Non-specific
	DIMETHYL SULFOXIDE	DMS	4mds	4.66	Non-specific
Binding Site 4
	2-(N-MORPHOLINO)-ETHANESULFONIC ACID	MES	2gt7	4.66	Non-specific
	1,2-ETHANEDIOL	EDO	3sxt	1.27	Non-specific
	GLYCEROL	GOL	3qns	1.09	Non-specific
	GLYCEROL	GOL	3qnr	1.09	Non-specific
	1,2-ETHANEDIOL	EDO	4of6	1.07	Non-specific
	1,2-ETHANEDIOL	EDO	4of6	1.07	Non-specific
Binding Site 5
	1,2-ETHANEDIOL	EDO	3vb3	4.66	Non-specific
Binding Site 6
	S-[2-(ACETYLAMINO)ETHYL] (3R)-3-HYDROXYDECANETHIOATE	KBP	4b0i	1.57	Specific
	N-(4-CHLOROBENZYL)-5-(FURAN-2-YL)-1H-1,2,4-TRIAZOL-3-AMINE	7SB	4cl6	1.57	Specific
Binding Site 7
	SULFATE ION	SO4	4gqf	1.53	Non-specific
	GLYCEROL	GOL	2zum	1.13	Non-specific
Binding Site 8
	BETA-MERCAPTOETHANOL	BME	1xmz	1.49	Specific
	BETA-MERCAPTOETHANOL	BME	1xmz	1.49	Specific
Binding Site 9
	1,2-ETHANEDIOL	EDO	3zgi	1.43	Non-specific
	GLYCEROL	GOL	3zgh	1.43	Non-specific
Binding Site 10
	ACETATE ION	ACT	3a4z	1.43	Non-specific
	FORMIC ACID	FMT	4g7t	1.14	Non-specific
	FORMIC ACID	FMT	4g98	1.14	Non-specific
	FORMIC ACID	FMT	4g7l	1.14	Non-specific
	FORMIC ACID	FMT	4g8u	1.14	Non-specific
	FORMIC ACID	FMT	4g8p	1.14	Non-specific
	NADPH DIHYDRO-NICOTINAMIDE-ADENINE-DINUCLEOTIDE PHOSPHATE	NDP	3p19	1.04	Specific
	NADPH DIHYDRO-NICOTINAMIDE-ADENINE-DINUCLEOTIDE PHOSPHATE	NDP	3p19	1.04	Specific
Binding Site 11
	1,2-ETHANEDIOL	EDO	4r7w	1.14	Non-specific
	1,2-ETHANEDIOL	EDO	4r7w	1.14	Non-specific
	1,2-ETHANEDIOL	EDO	3e04	1.01	Non-specific
Binding Site 12
	FORMIC ACID	FMT	4hov	1.09	Non-specific
Binding Site 13
	N-ACETYL-D-GLUCOSAMINE	NAG	4yp2	1.05	Non-specific
	N-ACETYL-D-GLUCOSAMINE	NAG	5cf9	1.05	Non-specific
Binding Site 14
	ADENOSINE-5'-TRIPHOSPHATE	ATP	3wqu	1.03	Specific
	PHOSPHOAMINOPHOSPHONIC ACID-ADENYLATE ESTER	ANP	3wqt	1.03	Specific

proteins
Binding Site 1
	3C-LIKE PROTEINASE		3snc	4.66	Specific
	3C-LIKE PROTEINASE		3eaj	4.66	Specific
	3C-LIKE PROTEINASE		4mds	4.66	Specific
	REPLICASE POLYPROTEIN 1AB		2gz8	4.66	Specific
	3C-LIKE PROTEINASE		3vb4	4.66	Specific
	3C-LIKE PROTEINASE		3vb5	4.66	Specific
	3C-LIKE PROTEINASE		3sn8	4.66	Specific
	3C-LIKE PROTEINASE		2z9l	4.66	Specific
	3C-LIKE PROTEINASE		3m3s	4.66	Specific
	REPLICASE POLYPROTEIN 1AB		2yy4	4.66	Specific
	REPLICASE POLYPROTEIN 1AB		2alv	4.66	Specific
	REPLICASE POLYPROTEIN 1AB		2z94	4.66	Specific
	3C-LIKE PROTEINASE		1wof	4.66	Specific
	3C-LIKE PROTEINASE		3v3m	4.66	Specific
	SARS CORONAVIRUS MAIN PROTEASE		3tit	4.66	Specific
	3C-LIKE PROTEINASE		3m3s	4.66	Specific
	3C-LIKE PROTEINASE		3szn	4.66	Specific
	REPLICASE POLYPROTEIN 1AB (PP1AB)		2z3d	4.66	Specific
	SARS CORONAVIRUS MAIN PROTEASE		3tnt	4.66	Specific
	3C-LIKE PROTEINASE		2zu5	4.66	Specific
	SARS CORONAVIRUS MAIN PROTEASE		3tns	4.66	Specific
	3C-LIKE PROTEINASE		2gt8	4.66	Specific
	3C-LIKE PROTEINASE		3aw1	4.66	Specific
	3C-LIKE PROTEINASE		2d2d	4.66	Specific
	REPLICASE POLYPROTEIN 1AB		2v6n	4.66	Specific
	3C-LIKE PROTEINASE		3ea7	4.66	Specific
	NONSTRUCTURAL POLYPROTEIN PP1A		1q2w	4.66	Specific
	3C-LIKE PROTEINASE		2z9k	4.66	Specific
	3C-LIKE PROTEINASE		3f9h	4.66	Specific
	REPLICASE POLYPROTEIN 1AB		2gz7	4.66	Specific
	3C-LIKE PROTEINASE		3snb	4.66	Specific
	3C-LIKE PROTEINASE		1uk4	4.66	Specific
	3C-LIKE PROTEINASE		2z9g	4.66	Specific
	3C-LIKE PROTEINASE		3vb5	4.66	Specific
	3C-LIKE PROTEINASE		3d62	4.66	Specific
	3C-LIKE PROTEINASE		4hi3	4.66	Specific
	3C-LIKE PROTEINASE		3ea9	4.66	Specific
	SARS CORONAVIRUS MAIN PROTEINASE		2vj1	4.66	Specific
	3C-LIKE PROTEINASE		2z9j	4.66	Specific
	REPLICASE POLYPROTEIN 1AB		2duc	4.66	Specific
	REPLICASE POLYPROTEIN 1AB		2hob	4.66	Specific
	3C-LIKE PROTEINASE		4tww	4.66	Specific
	3C-LIKE PROTEINASE		3f9g	4.66	Specific
	3C-LIKE PROTEINASE		3atw	4.66	Specific
	3C-LIKE PROTEINASE		2gt7	4.66	Specific
	3C-LIKE PROTEINASE		3aw1	4.66	Specific
	3C-LIKE PROTEINASE		4twy	4.66	Specific
	3C-LIKE PROTEINASE		4hi3	4.66	Specific
	3C-LIKE PROTEINASE		3ea7	4.66	Specific
	3C-LIKE PROTEINASE		3m3v	4.66	Specific
	3C-LIKE PROTEINASE		1wof	4.66	Specific
	3C-LIKE PROTEINASE		3vb3	4.66	Specific
	SARS CORONAVIRUS MAIN PROTEASE		3tiu	4.66	Specific
	3C-LIKE PROTEINASE		3f9h	4.66	Specific
	REPLICASE POLYPROTEIN 1AB (PP1AB, ORF1AB) 3C-LIKE PROTEINASE (3CL-PRO, 3CLP)		2op9	4.66	Specific
	3C-LIKE PROTEINASE		3f9g	4.66	Specific
	REPLICASE POLYPROTEIN 1AB (PP1AB, ORF1AB) 3C-LIKE PROTEINASE (3CL-PRO, 3CLP)		2op9	4.66	Specific
	3C-LIKE PEPTIDASE		2a5i	4.66	Specific
	3C-LIKE PROTEINASE		3aw0	4.66	Specific
	3C-LIKE PROTEINASE		3vb7	4.66	Specific
	3C-LIKE PROTEINASE		2z9j	4.66	Specific
	3C-LIKE PROTEINASE		2d2d	4.66	Specific
	3C-LIKE PROTEINASE		2z9k	4.66	Specific
	3C-LIKE PROTEINASE		2amq	4.66	Specific
	3C-LIKE PROTEINASE		2z9l	4.66	Specific
	3C-LIKE PROTEINASE		3vb3	4.66	Specific
	REPLICASE POLYPROTEIN 1AB (PP1AB)		2z3c	4.66	Specific
	REPLICASE POLYPROTEIN 1AB		2gz9	4.66	Specific
	3C-LIKE PEPTIDASE		2a5k	4.66	Specific
	3C-LIKE PROTEINASE		3ea8	4.66	Specific
	3C-LIKE PROTEINASE		2amd	4.66	Specific
	3C-LIKE PROTEINASE		3vb6	4.66	Specific
	3C-LIKE PROTEINASE		2gx4	4.66	Specific
	REPLICASE POLYPROTEIN 1AB		2duc	4.66	Specific
	NONSTRUCTURAL POLYPROTEIN PP1A		1q2w	4.66	Specific
	3C-LIKE PROTEINASE		3snd	4.66	Specific
	3C-LIKE PROTEINASE		2qc2	4.66	Specific
	3C-LIKE PROTEINASE		3eaj	4.66	Specific
	3C-LIKE PROTEINASE		2gt7	4.66	Specific
	REPLICASE POLYPROTEIN 1AB		2qiq	4.66	Specific
	REPLICASE POLYPROTEIN 1AB		2yy4	4.66	Specific
	3C-LIKE PROTEINASE		3m3v	4.66	Specific
	3C-LIKE PROTEINASE		3f9f	4.66	Specific
	3C-LIKE PROTEINASE		1uk3	4.66	Specific
	3C-LIKE PROTEINASE		1uk3	4.66	Specific
	3C-LIKE PROTEINASE		2bx4	4.66	Specific
	3C-LIKE PROTEINASE		2yna	4.06	Specific
	3C-LIKE PROTEINASE		3d23	3.89	Specific
	3C-LIKE PROTEINASE		3d23	3.89	Specific
	3C-LIKE PROTEINASE		3d23	3.89	Specific
	3C-LIKE PROTEINASE		3d23	3.89	Specific
	3C-LIKE PROTEINASE		3d23	3.89	Specific
	ORF1A		4wmd	3.85	Specific
	MERS-COV 3CL PROTEASE		4wme	3.85	Specific
	MERS-COV 3CL PROTEASE		4wme	3.85	Specific
	MERS-COV 3CL PROTEASE		4wmf	3.85	Specific
	MERS-COV 3CL PROTEASE		4wme	3.85	Specific
	ORF1A		4wmd	3.85	Specific
	MERS-COV 3CL PROTEASE		4wme	3.85	Specific
	ORF1A		4wmd	3.85	Specific
	MERS-COV 3CL PROTEASE		4wmf	3.85	Specific
	ORF1A PROTEIN		4ylu	3.85	Specific
	ORF1A PROTEIN		4ylu	3.85	Specific
	3C-LIKE PROTEINASE		3tlo	3.77	Specific
	3C-LIKE PROTEINASE		3tlo	3.77	Specific
	3C-LIKE PROTEINASE		2zu2	3.57	Specific
	INFECTIOUS BRONCHITIS VIRUS (IBV) MAIN PROTEASE		2q6f	3.45	Specific
	INFECTIOUS BRONCHITIS VIRUS (IBV) MAIN PROTEASE		2q6d	3.45	Specific
	PUTATIVE CORONAVIRUS NSP2 (3CL-PRO)		1p9u	3.37	Specific
	REPLICASE, HYDROLASE DOMAIN		1lvo	3.37	Specific
	REPLICASE, HYDROLASE DOMAIN		1lvo	3.37	Specific
	REPLICASE, HYDROLASE DOMAIN		1lvo	3.37	Specific
	REPLICASE, HYDROLASE DOMAIN		1lvo	3.37	Specific
	REPLICASE, HYDROLASE DOMAIN		1lvo	3.37	Specific
	REPLICASE, HYDROLASE DOMAIN		1lvo	3.37	Specific
	REPLICASE, HYDROLASE DOMAIN		1lvo	3.37	Specific
	REPLICASE, HYDROLASE DOMAIN		1lvo	3.37	Specific
	PUTATIVE CORONAVIRUS NSP2 (3CL-PRO)		1p9u	3.37	Specific
	3C-LIKE PROTEINASE		2amp	3.37	Specific
	3C-LIKE PROTEINASE		2amp	3.37	Specific
	PUTATIVE CORONAVIRUS NSP2 (3CL-PRO)		1p9u	3.37	Specific
	PUTATIVE CORONAVIRUS NSP2 (3CL-PRO)		1p9u	3.37	Specific
	ASPARTYL-TRNA SYNTHETASE		1eqr	1.22	Specific
	ASPARTYL-TRNA SYNTHETASE		1eqr	1.22	Specific
	ASPARTYL-TRNA SYNTHETASE		1eqr	1.22	Specific
Binding Site 2
	MAIN PROTEINASE		2bx3	4.66	Specific
	3C-LIKE PROTEINASE		3sna	4.66	Specific
Binding Site 3
	COMPLEMENT C1S SUBCOMPONENT		4j1y	1.74	Specific
	MITOGEN-ACTIVATED PROTEIN KINASE 7		4ic7	1.63	Specific
Binding Site 4
	3C-LIKE PROTEINASE		3sna	4.66	Specific
	3C-LIKE PROTEINASE		1uk4	4.66	Specific
	REPLICASE POLYPROTEIN 1AB (PP1AB)		2z3c	4.66	Specific
	3C-LIKE PROTEINASE		3vb6	4.66	Specific
	3C-LIKE PROTEINASE		3snc	4.66	Specific
	REPLICASE POLYPROTEIN 1AB (PP1AB)		2z3d	4.66	Specific
	3C-LIKE PROTEINASE		3snd	4.66	Specific
	3C-LIKE PROTEINASE		3vb7	4.66	Specific
	3C-LIKE PROTEINASE		3snb	4.66	Specific
	PUTATIVE CORONAVIRUS NSP2 (3CL-PRO)		1p9u	3.37	Specific
	PUTATIVE CORONAVIRUS NSP2 (3CL-PRO)		1p9u	3.37	Specific
	CATALYTIC DOMAIN OF THE NUCLEAR INCLUSION PROTEIN A (NIA)		1lvb	2.24	Specific
	CATALYTIC DOMAIN OF THE NUCLEAR INCLUSION PROTEIN A (NIA)		1lvb	2.24	Specific
	CATALYTIC DOMAIN OF THE NUCLEAR INCLUSION PROTEIN A (NIA)		1lvb	2.24	Specific
	CATALYTIC DOMAIN OF THE NUCLEAR INCLUSION PROTEIN A (NIA)		1lvb	2.24	Specific
	CATALYTIC DOMAIN OF THE NUCLEAR INCLUSION PROTEIN A (NIA)		1lvb	2.24	Specific
	CATALYTIC DOMAIN OF THE NUCLEAR INCLUSION PROTEIN A (NIA)		1lvb	2.24	Specific
	CATALYTIC DOMAIN OF THE NUCLEAR INCLUSION PROTEIN A (NIA)		1lvb	2.24	Specific
	CATALYTIC DOMAIN OF THE NUCLEAR INCLUSION PROTEIN A (NIA)		1lvb	2.24	Specific
	INSULIN-LIKE 3		2h8b	1.59	Specific
	INSULIN-LIKE 3 A CHAIN		2k6u	1.59	Specific
	INSULIN-LIKE 3 A CHAIN		2k6t	1.59	Specific
	RETINOIC ACID RECEPTOR RXR-ALPHA		1xls	1.23	Specific
	RETINOIC ACID RECEPTOR RXR-ALPHA		1xls	1.23	Specific
	NUCLEAR INCLUSION PROTEIN A		3mmg	1.21	Specific
	NUCLEAR INCLUSION PROTEIN A		3mmg	1.21	Specific
	NUCLEAR INCLUSION PROTEIN A		3mmg	1.21	Specific
	NUCLEAR INCLUSION PROTEIN A		3mmg	1.21	Specific
	6-PYRUVOYL TETRAHYDROBIOPTERIN SYNTHASE		3qn9	1.2	Specific
	6-CARBOXY-5,6,7,8-TETRAHYDROPTERIN SYNTHASE		3qna	1.2	Specific
	6-CARBOXY-5,6,7,8-TETRAHYDROPTERIN SYNTHASE		3qn0	1.2	Specific
	6-CARBOXY-5,6,7,8-TETRAHYDROPTERIN SYNTHASE		3qn0	1.2	Specific
	6-CARBOXY-5,6,7,8-TETRAHYDROPTERIN SYNTHASE		3qn0	1.2	Specific
	6-CARBOXY-5,6,7,8-TETRAHYDROPTERIN SYNTHASE		3qn0	1.2	Specific
	ANTI-CLEAVAGE ANTI-GREA TRANSCRIPTION FACTOR GFH1		2eul	1.05	Specific
	ANTI-CLEAVAGE ANTI-GREA TRANSCRIPTION FACTOR GFH1		2eul	1.05	Specific
	ANTI-CLEAVAGE ANTI-GREA TRANSCRIPTION FACTOR GFH1		2eul	1.05	Specific
	ANTI-CLEAVAGE ANTI-GREA TRANSCRIPTION FACTOR GFH1		2eul	1.05	Specific
	ANTI-CLEAVAGE ANTI-GREA TRANSCRIPTION FACTOR GFH1		2eul	1.05	Specific
	ANTI-CLEAVAGE ANTI-GREA TRANSCRIPTION FACTOR GFH1		2eul	1.05	Specific
	ANTI-CLEAVAGE ANTI-GREA TRANSCRIPTION FACTOR GFH1		2eul	1.05	Specific
	ANTI-CLEAVAGE ANTI-GREA TRANSCRIPTION FACTOR GFH1		2eul	1.05	Specific
	ANTI-CLEAVAGE ANTI-GREA TRANSCRIPTION FACTOR GFH1		2eul	1.05	Specific
	6-CARBOXY-5,6,7,8-TETRAHYDROPTERIN SYNTHASE		4ntk	1.01	Specific
	6-CARBOXY-5,6,7,8-TETRAHYDROPTERIN SYNTHASE		4ntm	1.01	Specific
	6-CARBOXY-5,6,7,8-TETRAHYDROPTERIN SYNTHASE		4ntm	1.01	Specific
Binding Site 5
	RETINOIC ACID RECEPTOR RXR-ALPHA		1xls	1.23	Specific
Binding Site 6
	SARS COV 3C-LIKE PROTEINASE		2c3s	4.66	Specific
Binding Site 7
	REPLICASE POLYPROTEIN 1AB		3ebn	4.13	Specific
	REPLICASE POLYPROTEIN 1AB		3ebn	4.13	Specific
	REPLICASE POLYPROTEIN 1AB		3ebn	4.13	Specific
	REPLICASE POLYPROTEIN 1AB		3ebn	4.13	Specific
Binding Site 8
	CALMODULIN		1yrt	1.56	Specific
	CALMODULIN		1yru	1.56	Specific
Binding Site 9
	L-GLUTAMATE OXIDASE		2e1m	1.44	Specific
Binding Site 10
	GLYCINE DEHYDROGENASE (DECARBOXYLATING) SUBUNIT 1		1wyu	1.54	Specific
	GLYCINE DEHYDROGENASE (DECARBOXYLATING) SUBUNIT 1		1wyu	1.54	Specific
	GLYCINE DEHYDROGENASE (DECARBOXYLATING) SUBUNIT 1		1wyv	1.54	Specific
	GLYCINE DEHYDROGENASE (DECARBOXYLATING) SUBUNIT 1		1wyv	1.54	Specific
	GLYCINE DEHYDROGENASE (DECARBOXYLATING) SUBUNIT 1		1wyu	1.54	Specific
	GLYCINE DEHYDROGENASE (DECARBOXYLATING) SUBUNIT 1		1wyu	1.54	Specific
	GLYCINE DEHYDROGENASE (DECARBOXYLATING) SUBUNIT 1		1wyt	1.54	Specific
	GLYCINE DEHYDROGENASE (DECARBOXYLATING) SUBUNIT 1		1wyv	1.54	Specific
	GLYCINE DEHYDROGENASE (DECARBOXYLATING) SUBUNIT 1		1wyv	1.54	Specific
	GLYCINE DEHYDROGENASE (DECARBOXYLATING) SUBUNIT 1		1wyt	1.54	Specific
	PUTATIVE CARBONIC ANHYDRASE		3las	1.08	Specific
Binding Site 11
	AUTOPHAGY PROTEIN 16		2dym	1.6	Specific
	AUTOPHAGY PROTEIN 16		3w1s	1.6	Specific
	AUTOPHAGY PROTEIN 16		3w1s	1.6	Specific
	AUTOPHAGY PROTEIN 16		2dym	1.6	Specific
Binding Site 12
	DIACYLGLYCEROL KINASE DELTA		3bq7	1.29	Specific
	DIACYLGLYCEROL KINASE DELTA		3bq7	1.29	Specific
Binding Site 13
	PENTAMERIC LIGAND-GATED ION CHANNEL ELIC		2yn6	1.45	Specific
	PENTAMERIC LIGAND-GATED ION CHANNEL ELIC		2yn6	1.45	Specific
	CYS-LOOP LIGAND-GATED ION CHANNEL		2yks	1.45	Specific
	ELIC PENTAMERIC LIGAND GATED ION CHANNEL FROM ERWINIA CHRYSANTHEMI		3rqu	1.45	Specific
	CYS-LOOP LIGAND-GATED ION CHANNEL		2yks	1.45	Specific
	ELIC PENTAMERIC LIGAND GATED ION CHANNEL FROM ERWINIA CHRYSANTHEMI		3rqu	1.45	Specific
	CYS-LOOP LIGAND-GATED ION CHANNEL		2yks	1.45	Specific
	CYS-LOOP LIGAND-GATED ION CHANNEL		2yks	1.45	Specific
	ELIC PENTAMERIC LIGAND GATED ION CHANNEL FROM ERWINIA CHRYSANTHEMI		3rqu	1.45	Specific
	ELIC PENTAMERIC LIGAND GATED ION CHANNEL FROM ERWINIA CHRYSANTHEMI		2vl0	1.45	Specific
	CYS-LOOP LIGAND-GATED ION CHANNEL		2yks	1.45	Specific
	CYS-LOOP LIGAND-GATED ION CHANNEL		2yks	1.45	Specific
	ELIC PENTAMERIC LIGAND GATED ION CHANNEL FROM ERWINIA CHRYSANTHEMI		3rqu	1.45	Specific
	CYS-LOOP LIGAND-GATED ION CHANNEL		2yoe	1.45	Specific
	ELIC PENTAMERIC LIGAND GATED ION CHANNEL FROM ERWINIA CHRYSANTHEMI		3rqu	1.45	Specific
	CYS-LOOP LIGAND-GATED ION CHANNEL		4twh	1.45	Specific
	CYS-LOOP LIGAND-GATED ION CHANNEL		4twh	1.45	Specific
	CYS-LOOP LIGAND-GATED ION CHANNEL		2yoe	1.45	Specific
	CYS-LOOP LIGAND-GATED ION CHANNEL		4twh	1.45	Specific
	CYS-LOOP LIGAND-GATED ION CHANNEL		4a97	1.45	Specific
	CYS-LOOP LIGAND-GATED ION CHANNEL		4twh	1.45	Specific
	CYS-LOOP LIGAND-GATED ION CHANNEL		4twh	1.45	Specific
	CYS-LOOP LIGAND-GATED ION CHANNEL		4a97	1.45	Specific
	ELIC PENTAMERIC LIGAND GATED ION CHANNEL FROM ERWINIA CHRYSANTHEMI		2vl0	1.45	Specific
	GAMMA-AMINOBUTYRIC-ACID RECEPTOR SUBUNIT BETA-1		3uq4	1.45	Specific
	CYS-LOOP LIGAND-GATED ION CHANNEL		4a98	1.45	Specific
	CYS-LOOP LIGAND-GATED ION CHANNEL		4twd	1.45	Specific
	CYS-LOOP LIGAND-GATED ION CHANNEL		2yks	1.45	Specific
Binding Site 14
	ASPARTATE CARBAMOYLTRANSFERASE REGULATORY CHAIN		4kgv	1.53	Specific
	ASPARTATE CARBAMOYLTRANSFERASE REGULATORY CHAIN		1acm	1.53	Specific
	ASPARTATE CARBAMOYLTRANSFERASE REGULATORY CHAIN		1at1	1.53	Specific
	ASPARTATE CARBAMOYLTRANSFERASE REGULATORY CHAIN		2h3e	1.53	Specific
	ASPARTATE CARBAMOYLTRANSFERASE REGULATORY CHAIN		1q95	1.53	Specific
	ASPARTATE CARBAMOYLTRANSFERASE REGULATORY CHAIN		2qg9	1.53	Specific
	CYS-LOOP LIGAND-GATED ION CHANNEL		4a98	1.45	Specific
Binding Site 15
	RIBONUCLEOTIDE REDUCTASE, B12-DEPENDENT		1xjm	1.51	Specific
	RIBONUCLEOTIDE REDUCTASE, B12-DEPENDENT		1xjj	1.51	Specific
Binding Site 16
	MITOGEN-ACTIVATED PROTEIN KINASE KINASE KINASE 3		4yl6	1.42	Specific
Binding Site 17
	TYROSINE-PROTEIN KINASE ITK/TSK		4ppb	1.42	Specific
	TYROSINE-PROTEIN KINASE ITK/TSK		4ppb	1.42	Specific
	TYROSINE-PROTEIN KINASE ITK/TSK		4ppa	1.42	Specific
	TYROSINE-PROTEIN KINASE ITK/TSK		4ppa	1.42	Specific
	TYROSINE-PROTEIN KINASE ITK/TSK		4mf0	1.42	Specific
	TYROSINE-PROTEIN KINASE ITK/TSK		4mf0	1.42	Specific
Binding Site 18
	3C-LIKE PROTEASE		4in1	1.32	Specific
Binding Site 19
	ALANINE RACEMASE		3uw6	1.4	Specific
Binding Site 20
	PROGRAMMED CELL DEATH 1 LIGAND 1		3fn3	1.39	Specific
Binding Site 21
	DNA-DIRECTED RNA POLYMERASE SUBUNIT A''		2y0s	1.32	Specific
	DNA-DIRECTED RNA POLYMERASE SUBUNIT A''		2y0s	1.32	Specific
Binding Site 22
	DNA-DIRECTED RNA POLYMERASE RPO1C SUBUNIT		2wb1	1.32	Specific
	DNA-DIRECTED RNA POLYMERASE RPO1C SUBUNIT		2wb1	1.32	Specific
Binding Site 23
	SERINE HYDROXYMETHYLTRANSFERASE		1eqb	1.21	Specific
	SERINE HYDROXYMETHYLTRANSFERASE		1eqb	1.21	Specific
Binding Site 24
	ISOCITRATE LYASE		3i4e	1.15	Specific
	ISOCITRATE LYASE		3i4e	1.15	Specific
	ISOCITRATE LYASE		1igw	1.05	Specific
	ISOCITRATE LYASE		1igw	1.05	Specific
Binding Site 25
	ADC OPERON REPRESSOR ADCR		3tgn	1.2	Specific
	CALGRANULIN C		1gqm	1.1	Specific
	CALGRANULIN C		1gqm	1.1	Specific
	CALGRANULIN C		1odb	1.1	Specific
	CALGRANULIN C		1gqm	1.1	Specific
	CALGRANULIN C		1odb	1.1	Specific
	PROTEIN S100-A12		2wcb	1.1	Specific
	PROTEIN S100-A12		2wcb	1.1	Specific
	PROTEIN S100-A12		2wc8	1.1	Specific
	PROTEIN S100-A12		2wc8	1.1	Specific
	PROTEIN S100-A12		2wc8	1.1	Specific
	PROTEIN S100-A12		2wc8	1.1	Specific
	CALGRANULIN C		1gqm	1.1	Specific
	CALGRANULIN C		1gqm	1.1	Specific
	CALGRANULIN C		1gqm	1.1	Specific
	CALGRANULIN C		1gqm	1.1	Specific
	CALGRANULIN C		1gqm	1.1	Specific
	CALGRANULIN C		1gqm	1.1	Specific
	S100A12		1e8a	1.1	Specific
	CALGRANULIN C		1odb	1.1	Specific
	CALGRANULIN C		1odb	1.1	Specific
	PROTEIN S100-A12		2wcf	1.1	Specific
	PROTEIN S100-A12		2wcf	1.1	Specific
	PROTEIN S100-A12		2wce	1.1	Specific
	PROTEIN S100-A12		2wcf	1.1	Specific
	PROTEIN S100-A12		2wce	1.1	Specific
	PROTEIN S100-A12		2wc8	1.1	Specific
	PROTEIN S100-A12		2wc8	1.1	Specific
	PROTEIN S100-A12		2wcf	1.1	Specific
	CALGRANULIN C		1gqm	1.1	Specific
	CALGRANULIN C		1gqm	1.1	Specific
	ENVELOPE GLYCOPROTEIN		4jf3	1.01	Specific
	ENVELOPE GLYCOPROTEIN		4jf3	1.01	Specific
Binding Site 26
	ACETYLGLUTAMATE KINASE		2buf	1.22	Specific
Binding Site 27
	R.ECL18KI		2gb7	1.31	Specific
	R.ECL18KI		2fqz	1.31	Specific
Binding Site 28
	DUAL SPECIFICITY MITOGEN-ACTIVATED PROTEIN KINASE KINASE 5		4ic7	1.38	Specific
Binding Site 29
	DNA PRIMASE LARGE SUBUNIT		1zt2	1.32	Specific
	DNA PRIMASE LARGE SUBUNIT		1zt2	1.32	Specific
Binding Site 30
	U6 SNRNA-ASSOCIATED SM-LIKE PROTEIN LSM6		3swn	1.23	Specific
	U6 SNRNA-ASSOCIATED SM-LIKE PROTEIN LSM6		3swn	1.23	Specific
	U6 SNRNA-ASSOCIATED SM-LIKE PROTEIN LSM6		3swn	1.23	Specific
	U6 SNRNA-ASSOCIATED SM-LIKE PROTEIN LSM6		3swn	1.23	Specific
	U6 SNRNA-ASSOCIATED SM-LIKE PROTEIN LSM6		4emk	1.23	Specific
Binding Site 31
	IST1 HOMOLOG		4u7i	1.25	Specific
Binding Site 32
	ACETYLGLUTAMATE KINASE		2buf	1.22	Specific
Binding Site 33
	PHOSPHORIBOSYLAMINOIMIDAZOLE-SUCCINOCARBOXAMIDE SYNTHASE		1kut	1.27	Specific
	PHOSPHORIBOSYLAMINOIMIDAZOLE-SUCCINOCARBOXAMIDE SYNTHASE		1kut	1.27	Specific
	T CELL RECEPTOR ALPHA CHAIN C REGION		2xn9	1.21	Specific
	JM22 TCR ALPHA CHAIN		2vlj	1.21	Specific
	T-CELL RECEPTOR ALPHA CHAIN V REGION		1oga	1.21	Specific
Binding Site 34
	ACETYLGLUTAMATE KINASE		2buf	1.22	Specific
Binding Site 35
	MEMBRANE-ASSOCIATED PROTEIN VP24		4or8	1.14	Specific
Binding Site 36
	LACTOSE REGULATORY PROTEIN LAC9		3e1k	1.18	Specific
	LACTOSE REGULATORY PROTEIN LAC9		3e1k	1.18	Specific
Binding Site 37
	PROGRAMMED CELL DEATH PROTEIN 6		2zrs	1.2	Specific
Binding Site 38
	CIRCADIAN CLOCK PROTEIN KINASE KAIC		3jzm	1.21	Specific
	CIRCADIAN CLOCK PROTEIN KINASE KAIC		3s1a	1.21	Specific
	CIRCADIAN CLOCK PROTEIN KINASE KAIC		2gbl	1.21	Specific
	CIRCADIAN CLOCK PROTEIN KINASE KAIC		3dvl	1.21	Specific
	CIRCADIAN CLOCK PROTEIN KINASE KAIC		4ijm	1.21	Specific
	CIRCADIAN CLOCK PROTEIN KINASE KAIC		3dvl	1.21	Specific
	CIRCADIAN CLOCK PROTEIN KINASE KAIC		3k0c	1.21	Specific
Binding Site 39
	TAFII18		1bh9	1.18	Specific
Binding Site 40
	PROGRAMMED CELL DEATH PROTEIN 6		3aaj	1.2	Specific
Binding Site 41
	CMT1		4h18	1.41	Specific
	CMT1		4h18	1.41	Specific
	CMT1		4h18	1.41	Specific
	CMT1		4h18	1.41	Specific
	BIFUNCTIONAL THYMIDYLATE SYNTHASE-DIHYDROFOLATE REDUCTASE		4ky8	1.14	Specific
	BIFUNCTIONAL THYMIDYLATE SYNTHASE-DIHYDROFOLATE REDUCTASE		4ky8	1.14	Specific
	BIFUNCTIONAL THYMIDYLATE SYNTHASE-DIHYDROFOLATE REDUCTASE		4ky8	1.14	Specific
	BIFUNCTIONAL DIHYDROFOLATE REDUCTASE-THYMIDYLATE SYNTHASE		4q0d	1.14	Specific
	BIFUNCTIONAL DIHYDROFOLATE REDUCTASE-THYMIDYLATE SYNTHASE		4q0d	1.14	Specific
	BIFUNCTIONAL DIHYDROFOLATE REDUCTASE-THYMIDYLATE SYNTHASE		4q0d	1.14	Specific
	BIFUNCTIONAL DIHYDROFOLATE REDUCTASE-THYMIDYLATE SYNTHASE		4q0d	1.14	Specific
	BIFUNCTIONAL DIHYDROFOLATE REDUCTASE-THYMIDYLATE SYNTHASE		4q0d	1.14	Specific
	BIFUNCTIONAL THYMIDYLATE SYNTHASE-DIHYDROFOLATE REDUCTASE		4ky8	1.14	Specific
	DIHYDROFOLATE REDUCTASE, DHFR		3dl5	1.14	Specific
	BIFUNCTIONAL DIHYDROFOLATE REDUCTASE-THYMIDYLATE SYNTHASE		1qzf	1.14	Specific
	DIHYDROFOLATE REDUCTASE, DHFR		3dl5	1.14	Specific
	CHAIN A, CRYSTAL STRUCTURE OF DHFR		2oip	1.14	Specific
	DIHYDROFOLATE REDUCTASE, DHFR		3dl5	1.14	Specific
	CHAIN A, CRYSTAL STRUCTURE OF DHFR		2oip	1.14	Specific
	BIFUNCTIONAL DIHYDROFOLATE REDUCTASE-THYMIDYLATE SYNTHASE		1sej	1.14	Specific
	BIFUNCTIONAL DIHYDROFOLATE REDUCTASE-THYMIDYLATE SYNTHASE		1sej	1.14	Specific
	DIHYDROFOLATE REDUCTASE, DHFR		3dl5	1.14	Specific
	CHAIN A, CRYSTAL STRUCTURE OF DHFR		2oip	1.14	Specific
	CHAIN A, CRYSTAL STRUCTURE OF DHFR		3hj3	1.14	Specific
	STABLE PROTEIN 1		1si9	1.02	Specific
	STABLE PROTEIN 1		1si9	1.02	Specific
Binding Site 42
	N-TERMINAL ACETYLTRANSFERASE A COMPLEX CATALYTIC SUBUNIT ARD1		4kvm	1.13	Specific
	N-TERMINAL ACETYLTRANSFERASE A COMPLEX CATALYTIC SUBUNIT ARD1		4kvo	1.13	Specific
	N-TERMINAL ACETYLTRANSFERASE A COMPLEX CATALYTIC SUBUNIT ARD1		4kvm	1.13	Specific
Binding Site 43
	BETA-PEPTIDYL AMINOPEPTIDASE		3n2w	1.13	Specific
Binding Site 44
	POLYNEURIDINE-ALDEHYDE ESTERASE		3gzj	1.12	Specific
Binding Site 45
	NITRILE HYDRATASE (SUBUNIT BETA)		1ahj	1.12	Specific
	NITRILE HYDRATASE (SUBUNIT BETA)		1ahj	1.12	Specific
Binding Site 46
	DISHEVELLED-2		3cbx	1.09	Specific
Binding Site 47
	HEAT SHOCK LOCUS HSLU		1hqy	1.1	Specific
	HEAT SHOCK LOCUS HSLU		1ht1	1.1	Specific
	HEAT SHOCK LOCUS HSLU		1ht1	1.1	Specific
	HEAT SHOCK LOCUS HSLU		1hqy	1.1	Specific
	ATP-DEPENDENT PROTEASE LA 1		3m65	1.08	Specific
Binding Site 48
	DISHEVELLED-2		3cby	1.09	Specific
Binding Site 49
	CYTOSINE DEAMINASE		1ra5	1.09	Specific
	CYTOSINE DEAMINASE		1ra0	1.09	Specific
Binding Site 50
	SUCROSE PORIN PRECURSOR		1oh2	1.08	Specific
	SUCROSE-SPECIFIC PORIN		1a0t	1.08	Specific
	SUCROSE-SPECIFIC PORIN		1a0t	1.08	Specific
	SUCROSE PORIN PRECURSOR		1oh2	1.08	Specific
	SUCROSE SPECIFIC PORIN		1oh2	1.08	Specific
	SUCROSE-SPECIFIC PORIN		1a0s	1.08	Specific
	SUCROSE-SPECIFIC PORIN		1a0s	1.08	Specific
Binding Site 51
	2,3,4,5-TETRAHYDROPYRIDINE-2,6-DICARBOXYLATE N-ACETYLTRANSFERASE		3cj8	1.44	Specific
	2,3,4,5-TETRAHYDROPYRIDINE-2,6-DICARBOXYLATE N-ACETYLTRANSFERASE		3cj8	1.44	Specific
	HEMOGLOBIN ALPHA CHAIN		1v4x	1.08	Specific
	HEMOGLOBIN ALPHA CHAIN		1v4u	1.08	Specific
	HEMOGLOBIN ALPHA CHAIN		1v4x	1.08	Specific
	HEMOGLOBIN ALPHA CHAIN		1v4w	1.08	Specific
	HEMOGLOBIN ALPHA CHAIN		1v4w	1.08	Specific
Binding Site 52
	PHENYLALANINE AMMONIA-LYASE		1y2m	1.07	Specific
	PHENYLALANINE AMMONIA-LYASE		1t6j	1.07	Specific
	PHENYLALANINE AMMONIA-LYASE		1y2m	1.07	Specific
	PHENYLALANINE AMMONIA-LYASE		1t6p	1.07	Specific
	PHENYLALANINE AMMONIA-LYASE		1y2m	1.07	Specific
	PHENYLALANINE AMMONIA-LYASE		1y2m	1.07	Specific
	PHENYLALANINE AMMONIA-LYASE		1t6p	1.07	Specific
	PHENYLALANINE AMMONIA-LYASE		1t6p	1.07	Specific
	PHENYLALANINE AMMONIA-LYASE		1t6p	1.07	Specific
Binding Site 53
	PHENYLALANINE AMMONIA-LYASE		1y2m	1.07	Specific
	PHENYLALANINE AMMONIA-LYASE		1y2m	1.07	Specific
	PHENYLALANINE AMMONIA-LYASE		1y2m	1.07	Specific
	PHENYLALANINE AMMONIA-LYASE		1t6j	1.07	Specific
	PHENYLALANINE AMMONIA-LYASE		1t6p	1.07	Specific
	PHENYLALANINE AMMONIA-LYASE		1t6p	1.07	Specific
	PHENYLALANINE AMMONIA-LYASE		1t6p	1.07	Specific
	PHENYLALANINE AMMONIA-LYASE		1t6p	1.07	Specific
Binding Site 54
	[3-METHYL-2-OXOBUTANOATE DEHYDROGENASE [LIPOAMIDE]] KINASE, MITOCHONDRIAL		4e02	1.07	Specific
	[3-METHYL-2-OXOBUTANOATE DEHYDROGENASE [LIPOAMIDE]] KINASE, MITOCHONDRIAL		3tz4	1.07	Specific
	[3-METHYL-2-OXOBUTANOATE DEHYDROGENASE [LIPOAMIDE]] KINASE, MITOCHONDRIAL		4e02	1.07	Specific
	[3-METHYL-2-OXOBUTANOATE DEHYDROGENASE [LIPOAMIDE]] KINASE, MITOCHONDRIAL		4e01	1.07	Specific
	[3-METHYL-2-OXOBUTANOATE DEHYDROGENASE [LIPOAMIDE]] KINASE, MITOCHONDRIAL		4h7q	1.07	Specific
	[3-METHYL-2-OXOBUTANOATE DEHYDROGENASE [LIPOAMIDE]] KINASE, MITOCHONDRIAL		4dzy	1.07	Specific
	[3-METHYL-2-OXOBUTANOATE DEHYDROGENASE [LIPOAMIDE]] KINASE, MITOCHONDRIAL		4e00	1.07	Specific
	[3-METHYL-2-OXOBUTANOATE DEHYDROGENASE [LIPOAMIDE]] KINASE, MITOCHONDRIAL		3vad	1.07	Specific
Binding Site 55
	PHENYLALANINE AMMONIA-LYASE		1t6j	1.07	Specific
Binding Site 56
	ANTI-CLEAVAGE ANTI-GREA TRANSCRIPTION FACTOR GFH1		2eul	1.05	Specific
	ANTI-CLEAVAGE ANTI-GREA TRANSCRIPTION FACTOR GFH1		2eul	1.05	Specific
	ANTI-CLEAVAGE ANTI-GREA TRANSCRIPTION FACTOR GFH1		2eul	1.05	Specific
	ANTI-CLEAVAGE ANTI-GREA TRANSCRIPTION FACTOR GFH1		2eul	1.05	Specific
	ANTI-CLEAVAGE ANTI-GREA TRANSCRIPTION FACTOR GFH1		2eul	1.05	Specific
	ANTI-CLEAVAGE ANTI-GREA TRANSCRIPTION FACTOR GFH1		2eul	1.05	Specific
Binding Site 57
	CAFFEIC ACID 3-O-METHYLTRANSFERASE		1kyw	1.05	Specific
	CAFFEIC ACID 3-O-METHYLTRANSFERASE		1kyz	1.05	Specific
	CAFFEIC ACID 3-O-METHYLTRANSFERASE		1kyw	1.05	Specific
	CAFFEIC ACID 3-O-METHYLTRANSFERASE		1kyw	1.05	Specific
	CAFFEIC ACID 3-O-METHYLTRANSFERASE		1kyz	1.05	Specific
Binding Site 58
	DEATH DOMAIN OF PELLE		1d2z	1.03	Specific
	DEATH DOMAIN OF PELLE		1d2z	1.03	Specific
Binding Site 59
	POLYPROTEIN		2ijo	1.02	Specific
Binding Site 60
	ATP SYNTHASE ALPHA CHAIN, MITOCHONDRIAL		2f43	1.45	Specific
Binding Site 61
	PROTEIN (F1-ATPASE ALPHA CHAIN)		1mab	1.45	Specific
Binding Site 62
	HYPOTHETICAL PROTEIN PH0107		2yzi	1.43	Specific
	HYPOTHETICAL PROTEIN PH0107		2yzi	1.43	Specific
Binding Site 63
	RIBONUCLEOTIDE REDUCTASE, B12-DEPENDENT		1xjk	1.51	Specific
Binding Site 64
	GFP-LIKE NON-FLUORESCENT CHROMOPROTEIN FP595 CHAIN 2		2a50	1.48	Specific
	GFP-LIKE NON-FLUORESCENT CHROMOPROTEIN FP595 CHAIN 2		2a54	1.48	Specific
	COMPLEMENT C4 GAMMA CHAIN		4fxk	1	Specific
	COMPLEMENT C4 GAMMA CHAIN		4fxg	1	Specific
	COMPLEMENT C4 GAMMA CHAIN		4fxg	1	Specific
Binding Site 65
	CELL DEATH PROTEIN 4		3lqr	1.46	Specific
Binding Site 66
	RNA DEPENDENT RNA POLYMERASE		4nru	1.37	Specific
	RNA-DEPENDENT RNA POLYMERASE		3ur0	1.37	Specific
	RNA DEPENDENT RNA POLYMERASE		4nru	1.37	Specific
	RNA-DEPENDENT RNA POLYMERASE		3ur0	1.37	Specific
	RNA DEPENDENT RNA POLYMERASE		4nru	1.37	Specific
	RNA DEPENDENT RNA POLYMERASE		4nru	1.37	Specific
	RNA-DEPENDENT RNA POLYMERASE		3ur0	1.37	Specific
	RNA DEPENDENT RNA POLYMERASE		4nru	1.37	Specific
	RNA DEPENDENT RNA POLYMERASE		4nru	1.37	Specific
Binding Site 67
	THYMIDYLATE SYNTHASE		4psg	1.37	Specific
	STROMELYSIN-1		1bqo	1.19	Specific
	STROMELYSIN-1		1bqo	1.19	Specific
Binding Site 68
	TRANSPOSASE		2xqc	1.36	Specific
	TRANSPOSASE		2xqc	1.36	Specific
	TRANSPOSASE		2xma	1.36	Specific
	TRANSPOSASE		2xm3	1.36	Specific
Binding Site 69
	RNA POLYMERASE II MEDIATOR COMPLEX SUBUNIT 8		2hzs	1.35	Specific
	RNA POLYMERASE II MEDIATOR COMPLEX SUBUNIT 8		2hzs	1.35	Specific
	RNA POLYMERASE II MEDIATOR COMPLEX SUBUNIT 8		2hzs	1.35	Specific
	RNA POLYMERASE II MEDIATOR COMPLEX SUBUNIT 8		2hzs	1.35	Specific
	RNA POLYMERASE II MEDIATOR COMPLEX SUBUNIT 8		2hzs	1.35	Specific
	RNA POLYMERASE II MEDIATOR COMPLEX SUBUNIT 8		2hzs	1.35	Specific
	RNA POLYMERASE II MEDIATOR COMPLEX SUBUNIT 8		2hzs	1.35	Specific
	RNA POLYMERASE II MEDIATOR COMPLEX SUBUNIT 8		2hzs	1.35	Specific
	ZAPA		1w2e	1.34	Specific
Binding Site 70
	L-ASPARAGINASE ALPHA SUBUNIT		4pu6	1.35	Specific
Binding Site 71
	HEMERYTHRIN		2hmz	1.34	Specific
	HEMERYTHRIN		1hmd	1.34	Specific
	HEMERYTHRIN		1hmd	1.34	Specific
	HEMERYTHRIN		2hmq	1.34	Specific
	HEMERYTHRIN		2hmq	1.34	Specific
	HEMERYTHRIN		2hmq	1.34	Specific
	HEMERYTHRIN		1hmd	1.34	Specific
	HEMERYTHRIN		1hmd	1.34	Specific
	HEMERYTHRIN		2hmq	1.34	Specific
	HEMERYTHRIN		1hmo	1.34	Specific
	HEMERYTHRIN		2hmq	1.34	Specific
	HEMERYTHRIN		1hmd	1.34	Specific
Binding Site 72
	HEMERYTHRIN		1hmd	1.34	Specific
	HEMERYTHRIN		1hmo	1.34	Specific
	HEMERYTHRIN		1hmd	1.34	Specific
	HEMERYTHRIN		1hmo	1.34	Specific
	HEMERYTHRIN		2hmq	1.34	Specific
	HEMERYTHRIN		2hmq	1.34	Specific
	HEMERYTHRIN		2hmq	1.34	Specific
Binding Site 73
	CONSERVED HYPOTHETICAL PROTEIN		1t3u	1.34	Specific
	CONSERVED HYPOTHETICAL PROTEIN		1t3u	1.34	Specific
	ZAPA		1w2e	1.34	Specific
Binding Site 74
	CONSERVED HYPOTHETICAL PROTEIN		1t3u	1.34	Specific
Binding Site 75
	CT398		4ilo	1.31	Specific
Binding Site 76
	CT398		4ilo	1.31	Specific
	P51 RT		2yni	1.17	Specific
Binding Site 77
	NITRILOTRIACETATE MONOOXYGENASE		3sdo	1.29	Specific
Binding Site 78
	CITRATE SYNTHASE		1owb	1.28	Specific
	CITRATE SYNTHASE		1nxe	1.28	Specific
Binding Site 79
	CITRATE SYNTHASE		1nxe	1.28	Specific
Binding Site 80
	TYROSINE-PROTEIN KINASE ITK/TSK		4ppc	1.42	Specific
Binding Site 81
	TYROSINE-PROTEIN KINASE ITK/TSK		4ppc	1.42	Specific
Binding Site 82
	ARGININOSUCCINATE SYNTHASE		1k92	1.41	Specific
	ARGININOSUCCINATE SYNTHASE		1k97	1.41	Specific
Binding Site 83
	4E10_S0_1EZ3A_002_C (T246)		3lg7	1.4	Specific
Binding Site 84
	CYCLIN HOMOLOG		2f2c	1.4	Specific
Binding Site 85
	ALANINE RACEMASE		3uw6	1.4	Specific
	ALANINE RACEMASE		3uw6	1.4	Specific
	ENGINEERED PROTEIN		4ils	1.4	Specific
	ENGINEERED PROTEIN		4ils	1.4	Specific
Binding Site 86
	ALANINE RACEMASE		1l6f	1.4	Specific
	ALANINE RACEMASE		1xqk	1.4	Specific
Binding Site 87
	PROGRAMMED CELL DEATH 1 LIGAND 1		4z18	1.39	Specific
Binding Site 88
	BETA-2-MICROGLOBULIN, MHC CLASS I-RELATED PROTEIN		4l9l	1.39	Specific
Binding Site 89
	MITOGEN-ACTIVATED PROTEIN KINASE 7		4ic7	1.63	Specific
Binding Site 90
	HAX3		4gjr	1.58	Specific
Binding Site 91
	CALMODULIN		2col	1.56	Specific
Binding Site 92
	ASPARTATE CARBAMOYLTRANSFERASE REGULATORY CHAIN		2fzk	1.53	Specific
Binding Site 93
	PHOSPHOPANTETHEINE ADENYLYLTRANSFERASE		3nv7	1.71	Specific
Binding Site 94
	3C-LIKE PROTEINASE		1uk2	4.66	Specific
Binding Site 95
	3C-LIKE PROTEINASE		3iwm	4.66	Specific
Binding Site 96
	MERS-COV 3CL PROTEASE		4wmf	3.85	Specific
Binding Site 97
	FMR1 PROTEIN		2qnd	1	Specific
Binding Site 98
	3-KETOSTEROID DEHYDROGENASE		4c3x	1.02	Specific
Binding Site 99
	MCCB PROTEIN		3h9g	1.01	Specific
	MCCB PROTEIN		3h5a	1.01	Specific
	MCCB PROTEIN		3h5a	1.01	Specific
	MCCB PROTEIN		3h5r	1.01	Specific
	MCCB PROTEIN		3h9q	1.01	Specific
	MCCB PROTEIN		3h9q	1.01	Specific
	MCCB PROTEIN		3h9j	1.01	Specific
	MCCB PROTEIN		3h9g	1.01	Specific
	MCCB PROTEIN		3h9q	1.01	Specific
	MCCB PROTEIN		3h9q	1.01	Specific
	MCCB PROTEIN		3h9g	1.01	Specific
Binding Site 100
	REPLICATIVE DNA HELICASE		2vyf	1.02	Specific
	REPLICATIVE HELICASE		2r6a	1.02	Specific
Binding Site 101
	CSOS1D		3f56	1.05	Specific
	CSOS1D		3f56	1.05	Specific
Binding Site 102
	EUKARYOTIC INITIATION FACTOR 4A-I		2zu6	1.01	Specific
	EUKARYOTIC INITIATION FACTOR 4A-I		2zu6	1.01	Specific
Binding Site 103
	PEROXISOMAL PRIMARY AMINE OXIDASE		3sx1	1.02	Specific
	PEROXISOMAL PRIMARY AMINE OXIDASE		3sx1	1.02	Specific
	PEROXISOMAL PRIMARY AMINE OXIDASE		3sx1	1.02	Specific
Binding Site 104
	AMYLOID PROTEIN-BINDING PROTEIN 1		1tt5	1.01	Specific
Binding Site 105
	FMR1 PROTEIN		2qnd	1	Specific
Binding Site 106
	PHUZ201 SUBUNIT		3j5v	1.01	Specific
Binding Site 107
	REPLICATIVE DNA HELICASE		2vye	1.02	Specific
	REPLICATIVE HELICASE		2r6a	1.02	Specific
Binding Site 108
	ALDOS-2-ULOSE DEHYDRATASE		4a7k	1.01	Specific
Binding Site 109
	NEDD8-ACTIVATING ENZYME E1 REGULATORY SUBUNIT		2nvu	1.01	Specific
Binding Site 110
	SEX4 GLUCAN PHOSPHATASE		3nme	1.01	Specific
Binding Site 111
	METHYLAMINE DEHYDROGENASE HEAVY CHAIN		3sle	1.27	Specific
Binding Site 112
	PUTATIVE GLUCANOHYDROLASE PEP1A		3zt5	1.24	Specific
Binding Site 113
	PUTATIVE GLUCANOHYDROLASE PEP1A		3zt6	1.24	Specific
Binding Site 114
	VIOF		4yfy	1.21	Specific
Binding Site 115
	CIRCADIAN CLOCK PROTEIN KINASE KAIC		3k0a	1.21	Specific
Binding Site 116
	CIRCADIAN CLOCK PROTEIN KINASE KAIC		4dug	1.21	Specific
Binding Site 117
	UBIQUITIN-LIKE PROTEIN 4A		4wwr	1.2	Specific
Binding Site 118
	BBCRASP-1		1w3z	1.2	Specific
Binding Site 119
	PROGRAMMED CELL DEATH PROTEIN 6		2zrt	1.2	Specific
Binding Site 120
	PROGRAMMED CELL DEATH PROTEIN 6		2zrt	1.2	Specific
	PROGRAMMED CELL DEATH PROTEIN 6		2zrs	1.2	Specific
Binding Site 121
	PROGRAMMED CELL DEATH PROTEIN 6		2zrs	1.2	Specific
Binding Site 122
	MHC CLASS I ALPHA CHAIN 2		4g43	1.2	Specific
	MHC CLASS I ALPHA CHAIN 2		4e0r	1.2	Specific
Binding Site 123
	VPS4-ASSOCIATED PROTEIN 1		4niq	1.19	Specific
Binding Site 124
	BMC DOMAIN PROTEIN		4olo	1.18	Specific
	BMC DOMAIN PROTEIN		4olo	1.18	Specific
	BMC DOMAIN PROTEIN		4olo	1.18	Specific
	BMC DOMAIN PROTEIN		4olo	1.18	Specific
Binding Site 125
	P51 RT		4g1q	1.17	Specific
	REVERSE TRANSCRIPTASE		4i7f	1.17	Specific
	REVERSE TRANSCRIPTASE		4i7f	1.17	Specific
	P51 RT		4id5	1.17	Specific
	P51 RT		3i0r	1.17	Specific
	P51 RT		3i0r	1.17	Specific
	P51 RT		4ig3	1.17	Specific
	P51 RT		3dya	1.17	Specific
	P51 REVERSE TRANSCRIPTASE		3meg	1.17	Specific
	REVERSE TRANSCRIPTASE/RIBONUCLEASE H, P51 SUBUNIT		4rw4	1.17	Specific
	REVERSE TRANSCRIPTASE		3c6t	1.17	Specific
	HIV-1 REVERSE TRANSCRIPTASE, P51 SUBUNIT		4r5p	1.17	Specific
	HIV-1 REVERSE TRANSCRIPTASE, P51 SUBUNIT		4pqu	1.17	Specific
	REVERSE TRANSCRIPTASE P51 SUBUNIT		3kk1	1.17	Specific
	REVERSE TRANSCRIPTASE/RIBONUCLEASE H, P51 SUBUNIT		4rw7	1.17	Specific
	P51		3qip	1.17	Specific
	P51		3qip	1.17	Specific
	HIV-1 REVERSE TRANSCRIPTASE (RT) P51		2rki	1.17	Specific
	POL POLYPROTEIN [CONTAINS REVERSE TRANSCRIPTASE]		1s9e	1.17	Specific
	POL POLYPROTEIN		1hpz	1.17	Specific
	HIV-1 REVERSE TRANSCRIPTASE, P51 SUBUNIT		4ko0	1.17	Specific
	REVERSE TRANSCRIPTASE		3is9	1.17	Specific
	P51 RT		3nbp	1.17	Specific
	P51 RT		3m8p	1.17	Specific
	REVERSE TRANSCRIPTASE/RIBONUCLEASE H, EXORIBONUCLEASE H, P51 RT		4h4o	1.17	Specific
	REVERSE TRANSCRIPTASE		3irx	1.17	Specific
	HIV-1 REVERSE TRANSCRIPTASE		1lwc	1.17	Specific
	P51 RT		3dm2	1.17	Specific
	HIV-1 REVERSE TRANSCRIPTASE, P51 SUBUNIT		4kko	1.17	Specific
	HIV-1 REVERSE TRANSCRIPTASE (SUBUNIT P51)		3hvt	1.17	Specific
Binding Site 126
	REVERSE TRANSCRIPTASE/RIBONUCLEASE H, EXORIBONUCLEASE H, P51 RT		4h4m	1.17	Specific
	HIV-1 REVERSE TRANSCRIPTASE, P51 SUBUNIT		4q0b	1.17	Specific
Binding Site 127
	HIV-1 REVERSE TRANSCRIPTASE P51 SUBUNIT		3v81	1.17	Specific
Binding Site 128
	HIV-1 REVERSE TRANSCRIPTASE (SUBUNIT P51)		1hnv	1.17	Specific
Binding Site 129
	HEAT SHOCK PROTEIN 16.9B		1gme	1.16	Specific
Binding Site 130
	DEMETHYLMENAQUINONE METHYLTRANSFERASE		1j3l	1.16	Specific
	DEMETHYLMENAQUINONE METHYLTRANSFERASE		1j3l	1.16	Specific
	DEMETHYLMENAQUINONE METHYLTRANSFERASE		1j3l	1.16	Specific
	DEMETHYLMENAQUINONE METHYLTRANSFERASE		1j3l	1.16	Specific
	DEMETHYLMENAQUINONE METHYLTRANSFERASE		1j3l	1.16	Specific
	DEMETHYLMENAQUINONE METHYLTRANSFERASE		1j3l	1.16	Specific
Binding Site 131
	SPLICING FACTOR, PROLINE- AND GLUTAMINE-RICH		4wii	1.15	Specific
	SPLICING FACTOR, PROLINE- AND GLUTAMINE-RICH		4wii	1.15	Specific
Binding Site 132
	BIFUNCTIONAL DIHYDROFOLATE REDUCTASE-THYMIDYLATE SYNTHASE		1sej	1.14	Specific
	BIFUNCTIONAL DIHYDROFOLATE REDUCTASE-THYMIDYLATE SYNTHASE		1sej	1.14	Specific
Binding Site 133
	NUCLEOPROTEIN		3ouo	1.14	Specific
Binding Site 134
	NUCLEOPROTEIN		3ouo	1.14	Specific
	NUCLEOCAPSID PROTEIN		4h5m	1.14	Specific
Binding Site 135
	SUPEROXIDE REDUCTASE		4bff	1.13	Specific
Binding Site 136
	MYOSIN LIGHT CHAIN ALKALI		4qbd	1.13	Specific
	MYOSIN LIGHT CHAIN ALKALI		4qbd	1.13	Specific
Binding Site 137
	NF-KAPPA-B ESSENTIAL MODULATOR		3jsv	1.13	Specific
Binding Site 138
	NF-KAPPA-B ESSENTIAL MODULATOR		2zvn	1.13	Specific
Binding Site 139
	MOLYBDENUM STORAGE PROTEIN SUBUNIT ALPHA		4ndq	1.12	Specific
Binding Site 140
	MOLYBDENUM STORAGE PROTEIN SUBUNIT ALPHA		4ndr	1.12	Specific
Binding Site 141
	UNCHARACTERIZED CONSERVED PROTEIN YJBQ/UPF0047 FAMILY, ORTHOLOG YUGU B.SUBTILIS		1vmh	1.11	Specific
	CLOSTRIDIUM ACETOBUTYLICUM Q97KL0		1xbf	1.11	Specific
	CLOSTRIDIUM ACETOBUTYLICUM Q97KL0		1xbf	1.11	Specific
Binding Site 142
	PROTEIN (HEAT SHOCK LOCUS U)		1do0	1.1	Specific
	HEAT SHOCK LOCUS HSLU		1ht1	1.1	Specific
	ATP-DEPENDENT HSL PROTEASE ATP-BINDING SUBUNIT HSLU		1g4b	1.1	Specific
	ATP-DEPENDENT HSL PROTEASE ATP-BINDING SUBUNIT HSLU		1g4b	1.1	Specific
	ATP-DEPENDENT HSL PROTEASE ATP-BINDING SUBUNIT HSLU		1g4b	1.1	Specific
	CSOS1D		3f56	1.05	Specific
	CSOS1D		3f56	1.05	Specific
Binding Site 143
	LIGHT CHAIN (VL) OF FV-FRAGMENT		1ezv	1.09	Specific
Binding Site 144
	UPF0352 PROTEIN CPS_2611		2ota	1.09	Specific
Binding Site 145
	UPF0352 PROTEIN CPS_2611		2jr2	1.09	Specific
Binding Site 146
	CYTOCHROME CD1 NITRITE REDUCTASE		1h9x	1.09	Specific
Binding Site 147
	COATOMER SUBUNIT EPSILON		3mv2	1.08	Specific
	COATOMER SUBUNIT EPSILON		3mv3	1.08	Specific
	COATOMER SUBUNIT EPSILON		3mv3	1.08	Specific
	COATOMER SUBUNIT EPSILON		3mv3	1.08	Specific
Binding Site 148
	METHENYLTETRAHYDROMETHANOPTERIN CYCLOHYDROLASE		1qlm	1.08	Specific
Binding Site 149
	YOKD PROTEIN		2nyg	1.08	Specific
Binding Site 150
	CATION EFFLUX FAMILY PROTEIN		3j1z	1.07	Specific
Binding Site 151
	PHENYLALANINE AMMONIA-LYASE		1t6p	1.07	Specific
Binding Site 152
	METAL-DEPENDENT HYDROLASE		4inf	1.07	Specific
Binding Site 153
	PUTATIVE OXIDOREDUCTASE		4yqz	1.06	Specific
Binding Site 154
	HBB		2np2	1.06	Specific
	HBB		2np2	1.06	Specific
Binding Site 155
	ADENOSYLHOMOCYSTEINASE		3ond	1.06	Specific
	ADENOSYLHOMOCYSTEINASE		3ond	1.06	Specific
Binding Site 156
	CAFFEIC ACID 3-O-METHYLTRANSFERASE		1kyz	1.05	Specific
Binding Site 157
	ANTI-CLEAVAGE ANTI-GREA TRANSCRIPTION FACTOR GFH1		2eul	1.05	Specific
	ANTI-CLEAVAGE ANTI-GREA TRANSCRIPTION FACTOR GFH1		2eul	1.05	Specific
	ANTI-CLEAVAGE ANTI-GREA TRANSCRIPTION FACTOR GFH1		2eul	1.05	Specific
Binding Site 158
	SERINE HYDROXYMETHYLTRANSFERASE, CYTOSOLIC		1rvy	1.04	Specific
	SERINE HYDROXYMETHYLTRANSFERASE, CYTOSOLIC		1rvy	1.04	Specific
Binding Site 159
	CELL DIVISION PROTEIN FTSA		3wqu	1.03	Specific
Binding Site 160
	UBIQUINOL-CYTOCHROME C REDUCTASE COMPLEX CORE PROTEIN 2		1ezv	1.03	Specific
Binding Site 161
	EXOSOME COMPLEX COMPONENT RRP43		4oo1	1.02	Specific
Binding Site 162
	REPLICATIVE DNA HELICASE		2vyf	1.02	Specific
Binding Site 163
	REPLICATIVE HELICASE		4esv	1.02	Specific
Binding Site 164
	REPLICATIVE HELICASE		2r6d	1.02	Specific
Binding Site 165
	REPLICATIVE HELICASE		4esv	1.02	Specific
Binding Site 166
	REPLICATIVE HELICASE		2r6d	1.02	Specific
Binding Site 167
	PUTATIVE L-ASPARAGINASE		1jn9	1.02	Specific
	PUTATIVE L-ASPARAGINASE		1t3m	1.02	Specific
	L-ASPARAGINASE		2zal	1.02	Specific
Binding Site 168
	NEDD8-ACTIVATING ENZYME E1 REGULATORY SUBUNIT		3dbl	1.01	Specific
	AMYLOID BETA PRECURSOR PROTEIN-BINDING PROTEIN 1		1r4n	1.01	Specific
	AMYLOID BETA PRECURSOR PROTEIN-BINDING PROTEIN 1		1r4n	1.01	Specific
	NEDD8-ACTIVATING ENZYME E1 REGULATORY SUBUNIT		3dbh	1.01	Specific
Binding Site 169
	NEDD8-ACTIVATING ENZYME E1 REGULATORY SUBUNIT		3dbl	1.01	Specific
Binding Site 170
	NEDD8-ACTIVATING ENZYME E1 REGULATORY SUBUNIT		3dbh	1.01	Specific
Binding Site 171
	FUMARATE HYDRATASE		3e04	1.01	Specific
Binding Site 172
	ZETA-TOXIN		3q8x	1.01	Specific
	ZETA-TOXIN		3q8x	1.01	Specific
Binding Site 173
	PUTATIVE TAUTOMERASE		3ry0	1.01	Specific
	PUTATIVE TAUTOMERASE		3ry0	1.01	Specific
Binding Site 174
	PREPROTEIN TRANSLOCASE SECA 1 SUBUNIT		1nl3	1.01	Specific
	PREPROTEIN TRANSLOCASE SECA 1 SUBUNIT		1nl3	1.01	Specific
Binding Site 175
	HPRK PROTEIN		1kkm	1.01	Specific
	HPRK PROTEIN		1kkm	1.01	Specific
	HPRK PROTEIN		1kkm	1.01	Specific
	HPRK PROTEIN		1kkl	1.01	Specific
Binding Site 176
	(NEO)PULLULANASE		2z1k	1.01	Specific
Binding Site 177
	ALDOS-2-ULOSE DEHYDRATASE		4a7z	1.01	Specific
Binding Site 178
	PHOSPHOHEPTOSE ISOMERASE		2i2w	1	Specific
	PHOSPHOHEPTOSE ISOMERASE		2i2w	1	Specific
Binding Site 179
	REPRESSOR PROTEIN C2		3jxb	1	Specific
	REPRESSOR PROTEIN C2		3jxc	1	Specific
	REPRESSOR PROTEIN C2		3jxd	1	Specific
	REPRESSOR PROTEIN C2		3jxd	1	Specific
	REPRESSOR PROTEIN C2		3jxb	1	Specific
Binding Site 180
	ACTIN-RELATED PROTEIN 2/3 COMPLEX SUBUNIT 5		3ukr	1	Specific
	ACTIN-RELATED PROTEIN 2/3 COMPLEX SUBUNIT 5		2p9s	1	Specific

nucleic
Binding Site 1
	INTEGRATION HOST FACTOR BETA-SUBUNIT		1owg	1.25	Specific
	INTEGRATION HOST FACTOR BETA-SUBUNIT		1owf	1.25	Specific
	PROTEIN (INTEGRATION HOST FACTOR (BETA) (IHF))		1ihf	1.25	Specific
	INTEGRATION HOST FACTOR		2iie	1.15	Specific
Binding Site 2
	CHROMOSOMAL REPLICATION INITIATOR PROTEIN DNAA		1j1v	1.07	Specific
	CHROMOSOMAL REPLICATION INITIATOR PROTEIN DNAA		1j1v	1.07	Specific
Binding Site 3
	TRANSPOSASE		2xqc	1.36	Specific
Binding Site 4
	RIBOSOMAL PROTEIN S30		3j0q	1.31	Specific
	RIBOSOMAL PROTEIN S30		3j0o	1.31	Specific
	RIBOSOMAL PROTEIN S30		3j0l	1.31	Specific
	RIBOSOMAL PROTEIN S30		3j0p	1.31	Specific
Binding Site 5
	DNA ENDONUCLEASE I-CREI		1t9i	1.63	Specific
	DNA ENDONUCLEASE I-CREI		2i3p	1.63	Specific
	DNA ENDONUCLEASE I-CREI		1u0c	1.63	Specific
	DNA ENDONUCLEASE I-CREI		2i3p	1.63	Specific
	DNA ENDONUCLEASE I-CREI		4aqu	1.63	Specific
	DNA ENDONUCLEASE I-CREI		2vbo	1.63	Specific
	DNA ENDONUCLEASE I-CREI		4aag	1.63	Specific
	DNA ENDONUCLEASE I-CREI		1u0d	1.63	Specific
	DNA ENDONUCLEASE I-CREI		4aag	1.63	Specific
	PROTEIN (I-CREI)		1bp7	1.63	Specific
	DNA ENDONUCLEASE I-CREI		2vbj	1.63	Specific
	DNA ENDONUCLEASE I-CREI		2vbo	1.63	Specific
	DNA ENDONUCLEASE I-CREI		1u0c	1.63	Specific
	DNA ENDONUCLEASE I-CREI		4aaf	1.63	Specific
	DNA ENDONUCLEASE I-CREI		1u0d	1.63	Specific
	DNA ENDONUCLEASE I-CREI		4aae	1.63	Specific
	DNA ENDONUCLEASE I-CREI		1t9i	1.63	Specific
	PROTEIN (I-CREI)		1bp7	1.63	Specific
	PROTEIN (I-CREI)		1bp7	1.63	Specific
Binding Site 6
	DNA ENDONUCLEASE I-CREI		2vbn	1.63	Specific
	DNA ENDONUCLEASE I-CREI		4aab	1.63	Specific
	DNA ENDONUCLEASE I-CREI		1n3e	1.63	Specific
	DNA ENDONUCLEASE I-CREI		1n3f	1.63	Specific
	DNA ENDONUCLEASE I-CREI		4aab	1.63	Specific
	DNA ENDONUCLEASE I-CREI		4aqx	1.63	Specific
	DNA ENDONUCLEASE I-CREI		1n3f	1.63	Specific
	DNA ENDONUCLEASE I-CREI		2vbn	1.63	Specific
	DNA ENDONUCLEASE I-CREI		2vbl	1.63	Specific
	DNA ENDONUCLEASE I-CREI		1n3e	1.63	Specific
	DNA ENDONUCLEASE I-CREI		2vbl	1.63	Specific
	DNA ENDONUCLEASE I-CREI		1g9z	1.63	Specific
Binding Site 7
	INTEGRATION HOST FACTOR BETA-SUBUNIT		2ht0	1.25	Specific
Binding Site 8
	ADA POLYPROTEIN		1u8b	1.17	Specific
Binding Site 9
	ARGONAUTE		3dlh	1.03	Specific

ion
Binding Site 1
	CALCIUM ION	CA	3a4z	1.43	Non-specific
	CALCIUM ION	CA	3a50	1.43	Non-specific
	CALCIUM ION	CA	3a50	1.43	Non-specific
	CALCIUM ION	CA	3a51	1.43	Non-specific
	CALCIUM ION	CA	3a50	1.43	Non-specific
Binding Site 2
	CALCIUM ION	CA	3a4z	1.43	Non-specific
Binding Site 3
	ZINC ION	ZN	2z94	4.66	Non-specific
	NICKEL (II) ION	NI	2yna	4.06	Non-specific
Binding Site 4
	SODIUM ION	NA	4c3x	1.02	Non-specific
