Data type,Binding site name,Molecule Name,Residue Name,Source,Confidence,Binder
small molecules,Binding Site 1,"N-((3S,6R)-6-((S,E)-4-ETHOXYCARBONYL-1-((S)-2-OXOPYRROLIDIN-3-YL)BUT-3-EN-2-YLCARBAMOYL)-2,9-DIMETHYL-4-OXODEC-8-EN-3-YL)-5-METHYLISOXAZOLE-3-CARBOXAMIDE",CY6,2alv,3.97,Specific
small molecules,Binding Site 1,"ETHYL (5S,8S,11R)-8-BENZYL-5-(3-TERT-BUTOXY-3-OXOPROPYL)-3,6,9-TRIOXO-11-{[(3S)-2-OXOPYRROLIDIN-3-YL]METHYL}-1-PHENYL-2-OXA-4,7,10-TRIAZATETRADECAN-14-OATE",G82,3tiu,3.97,Specific
small molecules,Binding Site 1,"(5S,8S,14R)-ETHYL 11-(3-AMINO-3-OXOPROPYL)-8-BENZYL-14-HYDROXY-5-ISOBUTYL-3,6,9,12-TETRAOXO-1-PHENYL-2-OXA-4, 7,10,11-TETRAAZAPENTADECAN-15-OATE",AZP,2a5i,3.97,Specific
small molecules,Binding Site 1,"(5S,8S,14R)-ETHYL 11-(3-AMINO-3-OXOPROPYL)-8-BENZYL-14-HYDROXY-5-ISOBUTYL-3,6,9,12-TETRAOXO-1-PHENYL-2-OXA-4, 7,10,11-TETRAAZAPENTADECAN-15-OATE",AZP,2a5i,3.97,Specific
small molecules,Binding Site 1,N-[(BENZYLOXY)CARBONYL]-O-TERT-BUTYL-L-THREONYL-N-[(1R)-4-CYCLOPROPYL-4-OXO-1-{[(3S)-2-OXOPYRROLIDIN-3-YL]METHYL}BUTYL]-L-LEUCINAMIDE,ZU5,2zu5,3.97,Specific
small molecules,Binding Site 1,N-[(BENZYLOXY)CARBONYL]-O-TERT-BUTYL-L-THREONYL-N-[(1R)-4-CYCLOPROPYL-4-OXO-1-{[(3S)-2-OXOPYRROLIDIN-3-YL]METHYL}BUTYL]-L-LEUCINAMIDE,ZU5,2zu5,3.97,Specific
small molecules,Binding Site 1,"4-METHYLBENZENE-1,2-DITHIOL",TLD,2z94,3.97,Specific
small molecules,Binding Site 1,"(2S)-2-({[(3S,4AR,8AS)-2-(BIPHENYL-4-YLCARBONYL) DECAHYDROISOQUINOLIN-3-YL]METHYL}AMINO)-3-(1H-IMIDAZOL-5-YL)PROPANAL",3BL,4twy,3.97,Specific
small molecules,Binding Site 1,"(5S,8S,14R)-ETHYL 11-(3-AMINO-3-OXOPROPYL)-8-BENZYL-14-HYDROXY-5-ISOBUTYL-3,6,9,12-TETRAOXO-1-PHENYL-2-OXA-4, 7,10,11-TETRAAZAPENTADECAN-15-OATE",AZP,2a5k,3.97,Specific
small molecules,Binding Site 1,N-[4-(ACETYLAMINO)PHENYL]-2-(1H-BENZOTRIAZOL-1-YL)-N-[(1R)-2-[(2-METHYLBUTAN-2-YL)AMINO]-1-(1-METHYL-1H-PYRROL-2-YL)-2-OXOETHYL]ACETAMIDE,23H,4mds,3.97,Specific
small molecules,Binding Site 1,"(4S,5Z)-4-AMINO-5-IMINOPENTANAMIDE",0JU,3vb4,3.97,Specific
small molecules,Binding Site 1,"N-[(5-METHYLISOXAZOL-3-YL)CARBONYL]ALANYL-L-VALYL-N~1~-((1R,2Z)-4-(BENZYLOXY)-4-OXO-1-{[(3R)-2-OXOPYRROLIDIN-3-YL]METHYL}BUT-2-ENYL)-L-LEUCINAMIDE",3IH,2hob,3.97,Specific
small molecules,Binding Site 1,DIMETHYL SULFOXIDE,DMS,2z9j,3.97,Non-specific
small molecules,Binding Site 1,N-[(1R)-2-(TERT-BUTYLAMINO)-2-OXO-1-(PYRIDIN-3-YL) ETHYL]-N-(4-TERT-BUTYLPHENYL)FURAN-2-CARBOXAMIDE,0EN,3v3m,3.97,Specific
small molecules,Binding Site 1,N-[(BENZYLOXY)CARBONYL]-O-TERT-BUTYL-L-SERYL-N-{(2R)-5-ETHOXY-5-OXO-1-[(3S)-2-OXOPYRROLIDIN-3-YL]PENTAN-2-YL}-L-PHENYLALANINAMIDE,G85,3tnt,3.97,Specific
small molecules,Binding Site 1,ETHYL (4R)-4-({N-[(BENZYLOXY)CARBONYL]-L-PHENYLALANYL}AMINO)-5-[(3S)-2-OXOPYRROLIDIN-3-YL] PENTANOATE,G75,3szn,3.97,Specific
small molecules,Binding Site 1,"(4S,5Z)-4-AMINO-5-IMINOPENTANAMIDE",0JU,3vb5,3.97,Specific
small molecules,Binding Site 1,"S-[5-(TRIFLUOROMETHYL)-4H-1,2,4-TRIAZOL-3-YL] 5-(PHENYLETHYNYL)FURAN-2-CARBOTHIOATE",F3F,2gz8,3.97,Specific
small molecules,Binding Site 1,4-(DIMETHYLAMINO)BENZOIC ACID,XP1,2vj1,3.97,Specific
small molecules,Binding Site 1,"N-(3-FUROYL)-D-VALYL-L-VALYL-N~1~-((1R,2Z)-4-ETHOXY-4-OXO-1-{[(3S)-2-OXOPYRROLIDIN-3-YL]METHYL}BUT-2-ENYL)-D-LEUCINAMIDE",9IN,2amd,3.97,Specific
small molecules,Binding Site 1,N-[(5-METHYLISOXAZOL-3-YL)CARBONYL]-L-ALANYL-L-VALYL-N~1~-((1S)-4-ETHOXY-4-OXO-1-{[(3S)-2-OXOPYRROLIDIN-3-YL]METHYL}BUT-2-ENYL)-L-LEUCINAMIDE,I12,1wof,3.97,Specific
small molecules,Binding Site 1,"ETHYL (5S,8S,11R)-8-BENZYL-5-(2-TERT-BUTOXY-2-OXOETHYL)-3,6,9-TRIOXO-11-{[(3S)-2-OXOPYRROLIDIN-3-YL]METHYL}-1-PHENYL-2-OXA-4,7,10-TRIAZATETRADECAN-14-OATE",G83,3tns,3.97,Specific
small molecules,Binding Site 1,(3S)-3-[(2S)-2-AMINO-3-OXOBUTYL]PYRROLIDIN-2-ONE,KCQ,2z3e,3.97,Specific
small molecules,Binding Site 1,(3S)-3-[(2S)-2-AMINO-3-OXOBUTYL]PYRROLIDIN-2-ONE,KCQ,2z3e,3.97,Specific
small molecules,Binding Site 1,"(4S,5Z)-4-AMINO-5-IMINOPENTANAMIDE",0JU,3vb6,3.97,Specific
small molecules,Binding Site 1,"(4S,5Z)-4-AMINO-5-IMINOPENTANAMIDE",0JU,3vb5,3.97,Specific
small molecules,Binding Site 1,"ETHYL (2E,4S)-4-[((2R)-2-{[N-(TERT-BUTOXYCARBONYL)-L-VALYL]AMINO}-2-PHENYLETHANOYL)AMINO]-5-[(3S)-2-OXOPYRROLIDIN-3-YL]PENT-2-ENOATE",ENB,2d2d,3.97,Specific
small molecules,Binding Site 1,"ETHYL (2E,4S)-4-[((2R)-2-{[N-(TERT-BUTOXYCARBONYL)-L-VALYL]AMINO}-2-PHENYLETHANOYL)AMINO]-5-[(3S)-2-OXOPYRROLIDIN-3-YL]PENT-2-ENOATE",ENB,2d2d,3.97,Specific
small molecules,Binding Site 1,N-[(BENZYLOXY)CARBONYL]-O-(TERT-BUTYL)-L-THREONYL-3-CYCLOHEXYL-N-[(1S)-2-HYDROXY-1-{[(3S)-2-OXOPYRROLIDIN-3-YL]METHYL}ETHYL]-L-ALANINAMIDE,NOL,2gx4,3.97,Specific
small molecules,Binding Site 1,N-[(BENZYLOXY)CARBONYL]-O-(TERT-BUTYL)-L-THREONYL-3-CYCLOHEXYL-N-[(1S)-2-HYDROXY-1-{[(3S)-2-OXOPYRROLIDIN-3-YL]METHYL}ETHYL]-L-ALANINAMIDE,NOL,2gx4,3.97,Specific
small molecules,Binding Site 1,N-[(5-METHYLISOXAZOL-3-YL)CARBONYL]-L-ALANYL-L-VALYL-N~1~-((1S)-4-ETHOXY-4-OXO-1-{[(3S)-2-OXOPYRROLIDIN-3-YL]METHYL}BUT-2-ENYL)-L-LEUCINAMIDE,I12,1wof,3.97,Specific
small molecules,Binding Site 1,NALPHA-[(BENZYLOXY)CARBONYL]-N-[(1R)-4-HYDROXY-1-METHYL-2-OXOBUTYL]-L-PHENYLALANINAMIDE,WR1,2op9,3.97,Specific
small molecules,Binding Site 1,"(5S,8S,14R)-ETHYL 11-(3-AMINO-3-OXOPROPYL)-8-BENZYL-14-HYDROXY-5-ISOBUTYL-3,6,9,12-TETRAOXO-1-PHENYL-2-OXA-4, 7,10,11-TETRAAZAPENTADECAN-15-OATE",AZP,2gtb,3.97,Specific
small molecules,Binding Site 1,"2-[(2,4-DICHLORO-5-METHYLPHENYL)SULFONYL]-1,3-DINITRO-5-(TRIFLUOROMETHYL)BENZENE",D3F,2gz7,3.97,Specific
small molecules,Binding Site 1,BENZENE,BNZ,2z9g,3.97,Specific
small molecules,Binding Site 1,(3S)-3-[(2S)-2-AMINO-3-HYDROXYBUTYL]PYRROLIDIN-2-ONE,ECQ,2z3d,3.97,Specific
small molecules,Binding Site 1,"ETHYL (4R)-4-{[(2R,5S)-5-{[N-(TERT-BUTOXYCARBONYL)-L-SERYL]AMINO}-6-METHYL-2-(3-METHYLBUT-2-EN-1-YL)-4-OXOHEPTANOYL]AMINO}-5-[(3R)-2-OXOPYRROLIDIN-3-YL]PENTANOATE",CYV,2qiq,3.97,Specific
small molecules,Binding Site 1,DIMETHYL SULFOXIDE,DMS,2z9k,3.97,Non-specific
small molecules,Binding Site 1,N-[(2S)-1-HYDROXY-3-PHENYLPROPAN-2-YL]-NALPHA-[(2E)-3-PHENYLPROP-2-ENOYL]-L-PHENYLALANINAMIDE,S89,3sn8,3.97,Specific
small molecules,Binding Site 1,"(2S)-2-({[(3S,4AR,8AS)-2-(4-BROMOBENZOYL) DECAHYDROISOQUINOLIN-3-YL]METHYL}AMINO)-3-(1H-IMIDAZOL-5-YL)PROPANAL",3A7,4tww,3.97,Specific
small molecules,Binding Site 1,DIAMINOZINC,DAZ,2z9l,3.97,Specific
small molecules,Binding Site 1,"(4S,5Z)-4-AMINO-5-IMINOPENTANAMIDE",0JU,3vb7,3.97,Specific
small molecules,Binding Site 1,NALPHA-[(BENZYLOXY)CARBONYL]-N-[(1R)-4-HYDROXY-1-METHYL-2-OXOBUTYL]-L-PHENYLALANINAMIDE,WR1,2op9,3.97,Specific
small molecules,Binding Site 1,BENZYL (2-OXOPROPYL)CARBAMATE,959,3d62,3.97,Specific
small molecules,Binding Site 1,ETHYL (4R)-4-{[N-(TERT-BUTOXYCARBONYL)-L-PHENYLALANYL]AMINO}-5-[(3S)-2-OXOPYRROLIDIN-3-YL] PENTANOATE,G81,3tit,3.97,Specific
small molecules,Binding Site 1,DIMETHYL SULFOXIDE,DMS,2z9l,3.97,Non-specific
small molecules,Binding Site 1,(3S)-3-[(2S)-2-AMINO-3-HYDROXYBUTYL]PYRROLIDIN-2-ONE,ECQ,2z3c,3.97,Specific
small molecules,Binding Site 1,DIMETHYL SULFOXIDE,DMS,2z9k,3.97,Non-specific
small molecules,Binding Site 1,4-(DIMETHYLAMINO)BENZOIC ACID,XP1,2v6n,3.97,Specific
small molecules,Binding Site 1,DIMETHYL SULFOXIDE,DMS,2z9j,3.97,Non-specific
small molecules,Binding Site 1,BENZYL CHLOROCARBONATE,PHQ,3vb5,3.97,Specific
small molecules,Binding Site 1,"N-[(5-METHYLISOXAZOL-3-YL)CARBONYL]ALANYL-L-VALYL-N~1~-((1R,2Z)-4-(BENZYLOXY)-4-OXO-1-{[(3R)-2-OXOPYRROLIDIN-3-YL]METHYL}BUT-2-ENYL)-L-LEUCINAMIDE",3IH,2amq,3.97,Specific
small molecules,Binding Site 1,BENZYL CHLOROCARBONATE,PHQ,3vb5,3.97,Specific
small molecules,Binding Site 1,(DIMETHYLAMINO)(HYDROXY)ZINC',DOZ,2z9k,3.97,Specific
small molecules,Binding Site 1,"(2S)-2-({[(3R,4AS,8AR)-2-(BIPHENYL-4-YLCARBONYL) DECAHYDROISOQUINOLIN-3-YL]METHYL}AMINO)-3-(1H-IMIDAZOL-5-YL)PROPANAL",3X5,4wy3,3.97,Specific
small molecules,Binding Site 1,ACETYL GROUP,ACE,2z3c,3.97,Non-specific
small molecules,Binding Site 1,ACETYL GROUP,ACE,3snb,3.97,Non-specific
small molecules,Binding Site 1,ZINC(II)HYDROGENSULFIDE,DTZ,2z9j,3.97,Specific
small molecules,Binding Site 1,(DIMETHYLAMINO)(HYDROXY)ZINC',DOZ,2z9k,3.97,Specific
small molecules,Binding Site 1,CHLOROACETONE,ATO,1uk4,3.97,Specific
small molecules,Binding Site 1,DIMETHYL SULFOXIDE,DMS,4mds,3.97,Non-specific
small molecules,Binding Site 1,DIMETHYL SULFOXIDE,DMS,3v3m,3.97,Non-specific
small molecules,Binding Site 1,N-{4-[(1H-BENZOTRIAZOL-1-YLACETYL)(THIOPHEN-3-YLMETHYL)AMINO]PHENYL}PROPANAMIDE,R30,4ylu,3.83,Specific
small molecules,Binding Site 1,N-{4-[(1H-BENZOTRIAZOL-1-YLACETYL)(THIOPHEN-3-YLMETHYL)AMINO]PHENYL}PROPANAMIDE,R30,4ylu,3.83,Specific
small molecules,Binding Site 1,N-{4-[(1H-BENZOTRIAZOL-1-YLACETYL)(THIOPHEN-3-YLMETHYL)AMINO]PHENYL}PROPANAMIDE,R30,4ylu,3.83,Specific
small molecules,Binding Site 1,TETRAETHYLENE GLYCOL,PG4,4wmf,3.83,Specific
small molecules,Binding Site 1,TRIETHYLENE GLYCOL,PGE,4wmd,3.83,Non-specific
small molecules,Binding Site 1,ETHYL (4R)-4-AMINO-5-[(3S)-2-OXOPYRROLIDIN-3-YL]PENTANOATE,CEV,4rsp,3.83,Specific
small molecules,Binding Site 1,ETHYL (4R)-4-AMINO-5-[(3S)-2-OXOPYRROLIDIN-3-YL]PENTANOATE,CEV,4rsp,3.83,Specific
small molecules,Binding Site 1,N-{4-[(1H-BENZOTRIAZOL-1-YLACETYL)(THIOPHEN-3-YLMETHYL)AMINO]PHENYL}PROPANAMIDE,R30,4ylu,3.83,Specific
small molecules,Binding Site 1,TRIETHYLENE GLYCOL,PGE,4wmd,3.83,Non-specific
small molecules,Binding Site 1,N-[(BENZYLOXY)CARBONYL]-O-TERT-BUTYL-L-SERYL-N-{(2R)-5-ETHOXY-5-OXO-1-[(3S)-2-OXOPYRROLIDIN-3-YL]PENTAN-2-YL}-L-PHENYLALANINAMIDE,G85,2ynb,3.76,Specific
small molecules,Binding Site 1,IMIDAZOLE,IMD,2yna,3.76,Specific
small molecules,Binding Site 1,"N-[(5-METHYLISOXAZOL-3-YL)CARBONYL]ALANYL-L-VALYL-N~1~-((1R,2Z)-4-(BENZYLOXY)-4-OXO-1-{[(3R)-2-OXOPYRROLIDIN-3-YL]METHYL}BUT-2-ENYL)-L-LEUCINAMIDE",3IH,3d23,3.65,Specific
small molecules,Binding Site 1,"N-[(5-METHYLISOXAZOL-3-YL)CARBONYL]ALANYL-L-VALYL-N~1~-((1R,2Z)-4-(BENZYLOXY)-4-OXO-1-{[(3R)-2-OXOPYRROLIDIN-3-YL]METHYL}BUT-2-ENYL)-L-LEUCINAMIDE",3IH,3d23,3.65,Specific
small molecules,Binding Site 1,"N-[(5-METHYLISOXAZOL-3-YL)CARBONYL]ALANYL-L-VALYL-N~1~-((1R,2Z)-4-(BENZYLOXY)-4-OXO-1-{[(3R)-2-OXOPYRROLIDIN-3-YL]METHYL}BUT-2-ENYL)-L-LEUCINAMIDE",3IH,3d23,3.65,Specific
small molecules,Binding Site 1,"N-[(5-METHYLISOXAZOL-3-YL)CARBONYL]ALANYL-L-VALYL-N~1~-((1R,2Z)-4-(BENZYLOXY)-4-OXO-1-{[(3R)-2-OXOPYRROLIDIN-3-YL]METHYL}BUT-2-ENYL)-L-LEUCINAMIDE",3IH,3d23,3.65,Specific
small molecules,Binding Site 1,"N-[(5-METHYLISOXAZOL-3-YL)CARBONYL]ALANYL-L-VALYL-N~1~-((1R,2Z)-4-(BENZYLOXY)-4-OXO-1-{[(3R)-2-OXOPYRROLIDIN-3-YL]METHYL}BUT-2-ENYL)-L-LEUCINAMIDE",3IH,3d23,3.65,Specific
small molecules,Binding Site 1,"N-[(5-METHYLISOXAZOL-3-YL)CARBONYL]ALANYL-L-VALYL-N~1~-((1R,2Z)-4-(BENZYLOXY)-4-OXO-1-{[(3R)-2-OXOPYRROLIDIN-3-YL]METHYL}BUT-2-ENYL)-L-LEUCINAMIDE",3IH,3d23,3.65,Specific
small molecules,Binding Site 1,"N-[(5-METHYLISOXAZOL-3-YL)CARBONYL]ALANYL-L-VALYL-N~1~-((1R,2Z)-4-(BENZYLOXY)-4-OXO-1-{[(3R)-2-OXOPYRROLIDIN-3-YL]METHYL}BUT-2-ENYL)-L-LEUCINAMIDE",3IH,3d23,3.65,Specific
small molecules,Binding Site 1,"N-[(5-METHYLISOXAZOL-3-YL)CARBONYL]ALANYL-L-VALYL-N~1~-((1R,2Z)-4-(BENZYLOXY)-4-OXO-1-{[(3R)-2-OXOPYRROLIDIN-3-YL]METHYL}BUT-2-ENYL)-L-LEUCINAMIDE",3IH,3d23,3.65,Specific
small molecules,Binding Site 1,"1,4-DIETHYLENE DIOXIDE",DIO,1p9s,3.49,Non-specific
small molecules,Binding Site 1,"(4S)-2-METHYL-2,4-PENTANEDIOL",MPD,2zu2,3.49,Non-specific
small molecules,Binding Site 1,"N-[(5-METHYLISOXAZOL-3-YL)CARBONYL]ALANYL-L-VALYL-N~1~-((1R,2Z)-4-(BENZYLOXY)-4-OXO-1-{[(3R)-2-OXOPYRROLIDIN-3-YL]METHYL}BUT-2-ENYL)-L-LEUCINAMIDE",3IH,2q6f,3.46,Specific
small molecules,Binding Site 1,"N-[(5-METHYLISOXAZOL-3-YL)CARBONYL]ALANYL-L-VALYL-N~1~-((1R,2Z)-4-(BENZYLOXY)-4-OXO-1-{[(3R)-2-OXOPYRROLIDIN-3-YL]METHYL}BUT-2-ENYL)-L-LEUCINAMIDE",3IH,2q6f,3.46,Specific
small molecules,Binding Site 1,"(4R)-2-METHYLPENTANE-2,4-DIOL",MRD,1lvo,3.41,Non-specific
small molecules,Binding Site 1,"(1S,2S)-2-({N-[(BENZYLOXY)CARBONYL]-L-LEUCYL}AMINO)-1-HYDROXY-3-[(3S)-2-OXOPYRROLIDIN-3-YL]PROPANE-1-SULFONIC ACID",K36,4f49,3.41,Specific
small molecules,Binding Site 1,"(4R)-2-METHYLPENTANE-2,4-DIOL",MRD,1lvo,3.41,Non-specific
small molecules,Binding Site 1,"(4R)-2-METHYLPENTANE-2,4-DIOL",MRD,1lvo,3.41,Non-specific
small molecules,Binding Site 1,"(4R)-2-METHYLPENTANE-2,4-DIOL",MRD,1lvo,3.41,Non-specific
small molecules,Binding Site 1,"(1S,2S)-2-({N-[(BENZYLOXY)CARBONYL]-L-LEUCYL}AMINO)-1-HYDROXY-3-[(3S)-2-OXOPYRROLIDIN-3-YL]PROPANE-1-SULFONIC ACID",K36,4f49,3.41,Specific
small molecules,Binding Site 1,"(4R)-2-METHYLPENTANE-2,4-DIOL",MRD,1p9u,3.41,Non-specific
small molecules,Binding Site 1,"(4R)-2-METHYLPENTANE-2,4-DIOL",MRD,1lvo,3.41,Non-specific
small molecules,Binding Site 1,"(4R)-2-METHYLPENTANE-2,4-DIOL",MRD,1lvo,3.41,Non-specific
small molecules,Binding Site 1,"(4R)-2-METHYLPENTANE-2,4-DIOL",MRD,1p9u,3.41,Non-specific
small molecules,Binding Site 1,"(4R)-2-METHYLPENTANE-2,4-DIOL",MRD,1lvo,3.41,Non-specific
small molecules,Binding Site 1,N-[(5-METHYLISOXAZOL-3-YL)CARBONYL]-L-ALANYL-L-VALYL-N~1~-((1S)-4-ETHOXY-4-OXO-1-{[(3S)-2-OXOPYRROLIDIN-3-YL]METHYL}BUT-2-ENYL)-L-LEUCINAMIDE,I12,2amp,3.41,Specific
small molecules,Binding Site 1,"1,4-DIETHYLENE DIOXIDE",DIO,1lvo,3.41,Non-specific
small molecules,Binding Site 1,"1,4-DIETHYLENE DIOXIDE",DIO,1lvo,3.41,Non-specific
small molecules,Binding Site 1,"(1S,2S)-2-({N-[(BENZYLOXY)CARBONYL]-L-LEUCYL}AMINO)-1-HYDROXY-3-[(3S)-2-OXOPYRROLIDIN-3-YL]PROPANE-1-SULFONIC ACID",K36,4f49,3.41,Specific
small molecules,Binding Site 1,"(4R)-2-METHYLPENTANE-2,4-DIOL",MRD,1lvo,3.41,Non-specific
small molecules,Binding Site 1,"(4R)-2-METHYLPENTANE-2,4-DIOL",MRD,1lvo,3.41,Non-specific
small molecules,Binding Site 1,"(4R)-2-METHYLPENTANE-2,4-DIOL",MRD,1p9u,3.41,Non-specific
small molecules,Binding Site 1,N-[(5-METHYLISOXAZOL-3-YL)CARBONYL]-L-ALANYL-L-VALYL-N~1~-((1S)-4-ETHOXY-4-OXO-1-{[(3S)-2-OXOPYRROLIDIN-3-YL]METHYL}BUT-2-ENYL)-L-LEUCINAMIDE,I12,2amp,3.41,Specific
small molecules,Binding Site 1,CHLOROMETHANE,0QE,1p9u,3.41,Specific
small molecules,Binding Site 1,CHLOROMETHANE,0QE,1p9u,3.41,Specific
small molecules,Binding Site 1,"(4R)-2-METHYLPENTANE-2,4-DIOL",MRD,1lvo,3.41,Non-specific
small molecules,Binding Site 1,SULFATE ION,SO4,1p9u,3.41,Non-specific
small molecules,Binding Site 1,SULFATE ION,SO4,1p9u,3.41,Non-specific
small molecules,Binding Site 1,"(4R)-2-METHYLPENTANE-2,4-DIOL",MRD,1p9u,3.41,Non-specific
small molecules,Binding Site 1,"(1S,2S)-2-({N-[(BENZYLOXY)CARBONYL]-L-LEUCYL}AMINO)-1-HYDROXY-3-[(3S)-2-OXOPYRROLIDIN-3-YL]PROPANE-1-SULFONIC ACID",K36,4f49,3.41,Specific
small molecules,Binding Site 1,"(4R)-2-METHYLPENTANE-2,4-DIOL",MRD,1lvo,3.41,Non-specific
small molecules,Binding Site 1,"(4R)-2-METHYLPENTANE-2,4-DIOL",MRD,1lvo,3.41,Non-specific
small molecules,Binding Site 1,N-(IODOACETYL)-L-VALYL-L-PHENYLALANINAMIDE,IVF,1qa7,1.52,Specific
small molecules,Binding Site 1,N-(IODOACETYL)-L-VALYL-L-PHENYLALANINAMIDE,IVF,1qa7,1.52,Specific
small molecules,Binding Site 1,N-(IODOACETYL)-L-VALYL-L-PHENYLALANINAMIDE,IVF,1qa7,1.52,Specific
small molecules,Binding Site 1,FLUOROMETHANE,CF0,2h6m,1.52,Specific
small molecules,Binding Site 1,N-(IODOACETYL)-L-VALYL-L-PHENYLALANINAMIDE,IVF,1qa7,1.52,Specific
small molecules,Binding Site 1,FLUOROMETHANE,CF0,2h9h,1.52,Specific
small molecules,Binding Site 1,N-(IODOACETYL)-L-VALYL-L-PHENYLALANINAMIDE,IVF,1qa7,1.52,Specific
small molecules,Binding Site 1,N-(IODOACETYL)-L-VALYL-L-PHENYLALANINAMIDE,IVF,1qa7,1.52,Specific
small molecules,Binding Site 1,N-(IODOACETYL)-L-VALYL-L-PHENYLALANINAMIDE,IVF,1qa7,1.52,Specific
small molecules,Binding Site 1,N-(IODOACETYL)-L-VALYL-L-PHENYLALANINAMIDE,IVF,1qa7,1.52,Specific
small molecules,Binding Site 1,N-(IODOACETYL)-L-VALYL-L-PHENYLALANINAMIDE,IVF,1qa7,1.52,Specific
small molecules,Binding Site 1,N-(IODOACETYL)-L-VALYL-L-PHENYLALANINAMIDE,IVF,1qa7,1.52,Specific
small molecules,Binding Site 1,N-(IODOACETYL)-L-VALYL-L-PHENYLALANINAMIDE,IVF,1qa7,1.52,Specific
small molecules,Binding Site 1,N-(IODOACETYL)-L-VALYL-L-PHENYLALANINAMIDE,IVF,1qa7,1.52,Specific
small molecules,Binding Site 1,"(4S)-4-AMINO-5-HYDROXY-N,N-DIMETHYLPENTANAMIDE",1HB,4inh,1.32,Specific
small molecules,Binding Site 1,"(4S)-4-AMINO-5-HYDROXY-N,N-DIMETHYLPENTANAMIDE",1HB,4inh,1.32,Specific
small molecules,Binding Site 1,"(1S,2S)-2-({N-[(BENZYLOXY)CARBONYL]-L-LEUCYL}AMINO)-1-HYDROXY-3-[(3S)-2-OXOPYRROLIDIN-3-YL]PROPANE-1-SULFONIC ACID",K36,3ur9,1.32,Specific
small molecules,Binding Site 1,"(4S)-4-AMINO-5-HYDROXY-N,N-DIMETHYLPENTANAMIDE",1HB,4imz,1.32,Specific
small molecules,Binding Site 1,"(4S)-4-AMINO-5-HYDROXY-N,N-DIMETHYLPENTANAMIDE",1HB,4inh,1.32,Specific
small molecules,Binding Site 1,"(1S,2S)-2-({N-[(BENZYLOXY)CARBONYL]-L-LEUCYL}AMINO)-1-HYDROXY-3-[(3S)-2-OXOPYRROLIDIN-3-YL]PROPANE-1-SULFONIC ACID",K36,3ur9,1.32,Specific
small molecules,Binding Site 1,N-[(2S)-2-AMINO-3-HYDROXYPROPYL]ACETAMIDE,1HD,4imq,1.32,Specific
small molecules,Binding Site 1,"DIETHYL [(1R,2S)-2-[(N-{[(3-CHLOROBENZYL)OXY]CARBONYL}-3-CYCLOHEXYL-L-ALANYL)AMINO]-1-HYDROXY-3-(2-OXO-2H-PYRROL-3-YL)PROPYL]PHOSPHONATE",3ZR,4xbb,1.32,Specific
small molecules,Binding Site 1,"(1R,2S)-2-({N-[(BENZYLOXY)CARBONYL]-3-CYCLOHEXYL-L-ALANYL}AMINO)-1-HYDROXY-3-[(3S)-2-OXOPYRROLIDIN-3-YL]PROPANE-1-SULFONIC ACID",M40,4xbd,1.32,Specific
small molecules,Binding Site 1,"(4S)-4-AMINO-5-HYDROXY-N,N-DIMETHYLPENTANAMIDE",1HB,4inh,1.32,Specific
small molecules,Binding Site 1,"(1R,2S)-2-({N-[(BENZYLOXY)CARBONYL]-3-CYCLOHEXYL-L-ALANYL}AMINO)-1-HYDROXY-3-[(3S)-2-OXOPYRROLIDIN-3-YL]PROPANE-1-SULFONIC ACID",M40,4xbd,1.32,Specific
small molecules,Binding Site 1,"(4S)-4-AMINO-5-HYDROXY-N,N-DIMETHYLPENTANAMIDE",1HB,4inh,1.32,Specific
small molecules,Binding Site 1,"(4S)-4-AMINO-5-HYDROXY-N,N-DIMETHYLPENTANAMIDE",1HB,4inh,1.32,Specific
small molecules,Binding Site 1,"(1R,2S)-2-({N-[(BENZYLOXY)CARBONYL]-3-CYCLOHEXYL-L-ALANYL}AMINO)-1-HYDROXY-3-[(3S)-2-OXOPYRROLIDIN-3-YL]PROPANE-1-SULFONIC ACID",M40,4xbd,1.32,Specific
small molecules,Binding Site 1,"(1R,2S)-2-({N-[(BENZYLOXY)CARBONYL]-3-CYCLOHEXYL-L-ALANYL}AMINO)-1-HYDROXY-3-[(3S)-2-OXOPYRROLIDIN-3-YL]PROPANE-1-SULFONIC ACID",M40,4xbd,1.32,Specific
small molecules,Binding Site 1,"(4S)-4-AMINO-5-HYDROXY-N,N-DIMETHYLPENTANAMIDE",1HB,4inh,1.32,Specific
small molecules,Binding Site 1,"(1R,2S)-2-({N-[(BENZYLOXY)CARBONYL]-3-CYCLOHEXYL-L-ALANYL}AMINO)-1-HYDROXY-3-[(3S)-2-OXOPYRROLIDIN-3-YL]PROPANE-1-SULFONIC ACID",M40,4xbc,1.32,Specific
small molecules,Binding Site 1,"DIETHYL [(1R,2S)-2-[(N-{[(3-CHLOROBENZYL)OXY]CARBONYL}-3-CYCLOHEXYL-L-ALANYL)AMINO]-1-HYDROXY-3-(2-OXO-2H-PYRROL-3-YL)PROPYL]PHOSPHONATE",3ZR,4xbb,1.32,Specific
small molecules,Binding Site 1,"(4S)-4-AMINO-5-HYDROXY-N,N-DIMETHYLPENTANAMIDE",1HB,4inh,1.32,Specific
small molecules,Binding Site 1,"(1S,2S)-2-({N-[(BENZYLOXY)CARBONYL]-L-LEUCYL}AMINO)-1-HYDROXY-3-[(3S)-2-OXOPYRROLIDIN-3-YL]PROPANE-1-SULFONIC ACID",K36,3ur9,1.32,Specific
small molecules,Binding Site 1,"(1S,2S)-2-({N-[(BENZYLOXY)CARBONYL]-L-LEUCYL}AMINO)-1-HYDROXY-3-[(3S)-2-OXOPYRROLIDIN-3-YL]PROPANE-1-SULFONIC ACID",K36,3ur9,1.32,Specific
small molecules,Binding Site 1,4-{2-(4-FLUORO-BENZYL)-6-METHYL-5-[(5-METHYL-ISOXAZOLE-3-CARBONYL)-AMINO]-4-OXO-HEPTANOYLAMINO}-5-(2-OXO-PYRROLIDIN-3-YL)-PENTANOIC ACID ETHYL ESTER,AG7,1cqq,1.3,Specific
small molecules,Binding Site 1,2-PHENYLQUINOLIN-4-OL,7L4,2xya,1.3,Specific
small molecules,Binding Site 1,"(2E)-3-[4-HYDROXY-3-(3-METHOXY-5,5,8,8-TETRAMETHYL-5, 6,7,8-TETRAHYDRONAPHTHALEN-2-YL)PHENYL]ACRYLIC ACID",3TN,2p1t,1.23,Specific
small molecules,Binding Site 1,"(2E)-3-[3-(3-ETHOXY-5,5,8,8-TETRAMETHYL-5,6,7,8-TETRAHYDRONAPHTHALEN-2-YL)-4-HYDROXYPHENYL]ACRYLIC ACID",4TN,2p1u,1.23,Specific
small molecules,Binding Site 1,"4-[2-(1,1,3,3-TETRAMETHYL-2,3-DIHYDRO-1H-INDEN-5-YL)-1, 3-DIOXOLAN-2-YL]BENZOIC ACID",P26,2zxz,1.23,Specific
small molecules,Binding Site 1,"5,5'-DI(PROP-2-EN-1-YL)BIPHENYL-2,2'-DIOL",MLO,3r5m,1.23,Specific
small molecules,Binding Site 1,(9CIS)-RETINOIC ACID,9CR,1k74,1.23,Specific
small molecules,Binding Site 1,"4-[2-(1,1,3,3-TETRAMETHYL-2,3-DIHYDRO-1H-1,3-BENZODISILOL-5-YL)-1,3-DIOXOLAN-2-YL]BENZOIC ACID",21P,2zy0,1.23,Specific
small molecules,Binding Site 1,RETINOIC ACID,REA,2acl,1.23,Specific
small molecules,Binding Site 1,RETINOIC ACID,REA,2acl,1.23,Specific
small molecules,Binding Site 1,"4-[1-(3,5,5,8,8-PENTAMETHYL-5,6,7,8-TETRAHYDRONAPHTHALEN-2-YL)ETHENYL]BENZOIC ACID",9RA,3h0a,1.23,Specific
small molecules,Binding Site 1,RETINOIC ACID,REA,1fby,1.23,Specific
small molecules,Binding Site 1,"(2E,6Z,8E)-3,7-DIMETHYL-8-[(4R)-4-METHYL-3,4-DIHYDRONAPHTHALEN-1(2H)-YLIDENE]OCTA-2,6-DIENOIC ACID",R4M,4m8h,1.23,Specific
small molecules,Binding Site 1,"4-[2-(5,5,8,8-TETRAMETHYL-5,6,7,8-TETRAHYDRO-NAPHTHALEN-2-YL)-[1,3]DIOXOLAN-2-YL]-BENZOIC ACID",BM6,1mzn,1.23,Specific
small molecules,Binding Site 1,"4-[2-(5,5,8,8-TETRAMETHYL-5,6,7,8-TETRAHYDRO-NAPHTHALEN-2-YL)-[1,3]DIOXOLAN-2-YL]-BENZOIC ACID",BM6,1mzn,1.23,Specific
small molecules,Binding Site 1,OLEIC ACID,OLA,1dkf,1.23,Specific
small molecules,Binding Site 1,"4-[2-(5,5,8,8-TETRAMETHYL-5,6,7,8-TETRAHYDRO-NAPHTHALEN-2-YL)-[1,3]DIOXOLAN-2-YL]-BENZOIC ACID",BM6,1mvc,1.23,Specific
small molecules,Binding Site 1,"4-[2-(5,5,8,8-TETRAMETHYL-5,6,7,8-TETRAHYDRO-NAPHTHALEN-2-YL)-[1,3]DIOXOLAN-2-YL]-BENZOIC ACID",BM6,1mzn,1.23,Specific
small molecules,Binding Site 1,"(2E)-3-[4-HYDROXY-3-(5,5,8,8-TETRAMETHYL-3-PROPOXY-5, 6,7,8-TETRAHYDRONAPHTHALEN-2-YL)PHENYL]ACRYLIC ACID",5TN,2p1v,1.23,Specific
small molecules,Binding Site 1,"DOCOSA-4,7,10,13,16,19-HEXAENOIC ACID",HXA,1mv9,1.23,Specific
small molecules,Binding Site 1,"(1S,2S)-2-{4-[(DIMETHYLAMINO)METHYL]PHENYL}-N-[6-(PYRIDIN-3-YL)-1,3-BENZOTHIAZOL-2-YL]CYCLOPROPANECARBOXAMIDE",29Z,4mf0,1.17,Specific
small molecules,Binding Site 1,N-{1-[(1S)-3-(DIMETHYLAMINO)-1-PHENYLPROPYL]-1H-PYRAZOL-4-YL}-6-(1H-PYRAZOL-4-YL)-1H-INDAZOLE-3-CARBOXAMIDE,2VV,4ppb,1.17,Specific
small molecules,Binding Site 1,N-{1-[(1S)-3-(DIMETHYLAMINO)-1-PHENYLPROPYL]-1H-PYRAZOL-4-YL}-6-(1H-PYRAZOL-4-YL)-1H-INDAZOLE-3-CARBOXAMIDE,2VV,4ppb,1.17,Specific
small molecules,Binding Site 1,"3-[2-(5-PHENYL-2H-THIENO[3,2-C]PYRAZOL-3-YL)-1H-INDOL-6-YL]PENTAN-3-OL",0G2,3v8w,1.17,Specific
small molecules,Binding Site 1,"TRANS-4-({4-[DIFLUORO(4-FLUOROPHENYL)METHYL]-6-[(5-METHOXY[1,3]THIAZOLO[5,4-B]PYRIDIN-2-YL) AMINO]PYRIMIDIN-2-YL}AMINO)CYCLOHEXANOL",G7K,4l7s,1.17,Specific
small molecules,Binding Site 1,"TRANS-4-({4-[DIFLUORO(4-FLUOROPHENYL)METHYL]-6-[(5-METHOXY[1,3]THIAZOLO[5,4-B]PYRIDIN-2-YL) AMINO]PYRIMIDIN-2-YL}AMINO)CYCLOHEXANOL",G7K,4l7s,1.17,Specific
small molecules,Binding Site 1,"(2Z)-4-(DIMETHYLAMINO)-N-{7-FLUORO-4-[(2-METHYLPHENYL) AMINO]IMIDAZO[1,5-A]QUINOXALIN-8-YL}-N-METHYLBUT-2-ENAMIDE",IAQ,3t9t,1.17,Specific
small molecules,Binding Site 1,TRANS-4-({6-[(5-PHENYL-1H-PYRAZOL-3-YL)AMINO]-4-(PHENYLSULFONYL)PYRIDIN-2-YL}AMINO)CYCLOHEXANOL,30T,4qd6,1.17,Specific
small molecules,Binding Site 1,TRANS-4-({6-[(5-PHENYL-1H-PYRAZOL-3-YL)AMINO]-4-(PHENYLSULFONYL)PYRIDIN-2-YL}AMINO)CYCLOHEXANOL,30T,4qd6,1.17,Specific
small molecules,Binding Site 1,"3-[(8-PHENYLTHIENO[2,3-H]QUINAZOLIN-2-YL) AMINO]BENZENESULFONAMIDE",PQC,3qgw,1.17,Specific
small molecules,Binding Site 1,N-{1-[(1S)-3-(DIMETHYLAMINO)-1-PHENYLPROPYL]-1H-PYRAZOL-4-YL}-6-(1H-PYRAZOL-4-YL)-1H-INDAZOLE-3-CARBOXAMIDE,2VV,4ppb,1.17,Specific
small molecules,Binding Site 1,ADENOSINE-5'-DIPHOSPHATE,ADP,4m15,1.17,Specific
small molecules,Binding Site 1,N-{1-[(1S)-3-(DIMETHYLAMINO)-1-PHENYLPROPYL]-1H-PYRAZOL-4-YL}-6-(1H-PYRAZOL-4-YL)-1H-INDAZOLE-3-CARBOXAMIDE,2VV,4ppb,1.17,Specific
small molecules,Binding Site 1,"(4AS,5AR)-N-{1-[(R)-[(2R)-1,1-DIOXIDOTETRAHYDRO-2H-THIOPYRAN-2-YL](PHENYL)METHYL]-1H-PYRAZOL-4-YL}-5,5-DIFLUORO-5A-METHYL-1,4,4A,5,5A,6-HEXAHYDROCYCLOPROPA[F]INDAZOLE-3-CARBOXAMIDE",3P6,4rfm,1.17,Specific
small molecules,Binding Site 1,"3-{4-AMINO-1-[(3R)-1-PROPANOYLPIPERIDIN-3-YL]-1H-PYRAZOLO[3,4-D]PYRIMIDIN-3-YL}-N-[4-(PROPAN-2-YL) PHENYL]BENZAMIDE",13L,4hcu,1.17,Specific
small molecules,Binding Site 1,"N-[5-({5-[(4-ACETYLPIPERAZIN-1-YL)CARBONYL]-4-METHOXY-2-METHYLPHENYL}SULFANYL)-1,3-THIAZOL-2-YL]-4-({[(1S)-1,2,2-TRIMETHYLPROPYL]AMINO}METHYL)BENZAMIDE",MJG,3mj2,1.17,Specific
small molecules,Binding Site 1,"3-{1-[(3R)-1-ACRYLOYLPIPERIDIN-3-YL]-4-AMINO-1H-PYRAZOLO[3,4-D]PYRIMIDIN-3-YL}-N-(3-TERT-BUTYLPHENYL) BENZAMIDE",18R,4hct,1.17,Specific
small molecules,Binding Site 1,STAUROSPORINE,STU,1sm2,1.17,Specific
small molecules,Binding Site 1,"3-[2-(5-PHENYL-2H-THIENO[3,2-C]PYRAZOL-3-YL)-1H-INDOL-6-YL]PENTAN-3-OL",0G2,3v8w,1.17,Specific
small molecules,Binding Site 1,"2-[(2E,6E,10E,14E,18E,22E,26E)-3,7,11,15,19,23,27,31-OCTAMETHYLDOTRIACONTA-2,6,10,14,18,22,26,30-OCTAENYL]PHENOL",8PP,1y0g,1.15,Specific
small molecules,Binding Site 1,"2-[(2E,6E,10E,14E,18E,22E,26E)-3,7,11,15,19,23,27,31-OCTAMETHYLDOTRIACONTA-2,6,10,14,18,22,26,30-OCTAENYL]PHENOL",8PP,1y0g,1.15,Specific
small molecules,Binding Site 1,"2-[(2E,6E,10E,14E,18E,22E,26E)-3,7,11,15,19,23,27,31-OCTAMETHYLDOTRIACONTA-2,6,10,14,18,22,26,30-OCTAENYL]PHENOL",8PP,1y0g,1.15,Specific
small molecules,Binding Site 1,"2-[(2E,6E,10E,14E,18E,22E,26E)-3,7,11,15,19,23,27,31-OCTAMETHYLDOTRIACONTA-2,6,10,14,18,22,26,30-OCTAENYL]PHENOL",8PP,1y0g,1.15,Specific
small molecules,Binding Site 1,RETINOIC ACID,REA,3dzu,1.14,Specific
small molecules,Binding Site 1,4-{2-(4-FLUORO-BENZYL)-6-METHYL-5-[(5-METHYL-ISOXAZOLE-3-CARBONYL)-AMINO]-4-OXO-HEPTANOYLAMINO}-5-(2-OXO-PYRROLIDIN-3-YL)-PENTANOIC ACID ETHYL ESTER,AG7,3sji,1.04,Specific
small molecules,Binding Site 1,"2-[(2-METHOXY-4-{[4-(4-METHYLPIPERAZIN-1-YL)PIPERIDIN-1-YL]CARBONYL}PHENYL)AMINO]-5,11-DIMETHYL-5,11-DIHYDRO-6H-PYRIMIDO[4,5-B][1,4]BENZODIAZEPIN-6-ONE",4K4,4yzm,1.03,Specific
small molecules,Binding Site 1,(S)-2-METHYL-1-[(4-METHYL-5-ISOQUINOLINE)SULFONYL]-HOMOPIPERAZINE,H52,4f1t,1.03,Specific
small molecules,Binding Site 1,(4-{[4-(CYCLOPROPYLAMINO)-5-(TRIFLUOROMETHYL)PYRIMIDIN-2-YL]AMINO}-2-FLUORO-5-METHOXYPHENYL)(MORPHOLIN-4-YL) METHANONE,4K5,4yzn,1.03,Specific
small molecules,Binding Site 1,PHOSPHOMETHYLPHOSPHONIC ACID ADENYLATE ESTER,ACP,4f0f,1.03,Specific
small molecules,Binding Site 1,PHOSPHOMETHYLPHOSPHONIC ACID ADENYLATE ESTER,ACP,4f1m,1.03,Specific
small molecules,Binding Site 1,PHOSPHOMETHYLPHOSPHONIC ACID ADENYLATE ESTER,ACP,4f1o,1.03,Specific
small molecules,Binding Site 2,DIMETHYL SULFOXIDE,DMS,4mds,3.97,Non-specific
small molecules,Binding Site 2,"1,2-ETHANEDIOL",EDO,3vb4,3.97,Non-specific
small molecules,Binding Site 3,SULFATE ION,SO4,1lvo,3.41,Non-specific
small molecules,Binding Site 3,SULFATE ION,SO4,1lvo,3.41,Non-specific
proteins,Binding Site 1,3C-LIKE PROTEINASE,,4twy,3.97,Specific
proteins,Binding Site 1,3C-LIKE PROTEINASE,,3aw1,3.97,Specific
proteins,Binding Site 1,3C-LIKE PROTEINASE,,3vb5,3.97,Specific
proteins,Binding Site 1,3C-LIKE PROTEINASE,,3aw1,3.97,Specific
proteins,Binding Site 1,3C-LIKE PROTEINASE,,2z9g,3.97,Specific
proteins,Binding Site 1,REPLICASE POLYPROTEIN 1AB,,2gz8,3.97,Specific
proteins,Binding Site 1,3C-LIKE PROTEINASE,,4mds,3.97,Specific
proteins,Binding Site 1,3C-LIKE PROTEINASE,,3vb4,3.97,Specific
proteins,Binding Site 1,3C-LIKE PROTEINASE,,3vb5,3.97,Specific
proteins,Binding Site 1,3C-LIKE PROTEINASE,,3sn8,3.97,Specific
proteins,Binding Site 1,3C-LIKE PROTEINASE,,2z9l,3.97,Specific
proteins,Binding Site 1,3C-LIKE PROTEINASE,,3m3s,3.97,Specific
proteins,Binding Site 1,REPLICASE POLYPROTEIN 1AB,,2alv,3.97,Specific
proteins,Binding Site 1,REPLICASE POLYPROTEIN 1AB,,2z94,3.97,Specific
proteins,Binding Site 1,3C-LIKE PROTEINASE,,1wof,3.97,Specific
proteins,Binding Site 1,3C-LIKE PROTEINASE,,3v3m,3.97,Specific
proteins,Binding Site 1,SARS CORONAVIRUS MAIN PROTEASE,,3tit,3.97,Specific
proteins,Binding Site 1,3C-LIKE PROTEINASE,,3m3s,3.97,Specific
proteins,Binding Site 1,3C-LIKE PROTEINASE,,3szn,3.97,Specific
proteins,Binding Site 1,REPLICASE POLYPROTEIN 1AB (PP1AB),,2z3d,3.97,Specific
proteins,Binding Site 1,SARS CORONAVIRUS MAIN PROTEASE,,3tnt,3.97,Specific
proteins,Binding Site 1,3C-LIKE PROTEINASE,,2zu5,3.97,Specific
proteins,Binding Site 1,SARS CORONAVIRUS MAIN PROTEASE,,3tns,3.97,Specific
proteins,Binding Site 1,3C-LIKE PROTEINASE,,2gt8,3.97,Specific
proteins,Binding Site 1,REPLICASE POLYPROTEIN 1AB,,2v6n,3.97,Specific
proteins,Binding Site 1,3C-LIKE PROTEINASE,,2z9k,3.97,Specific
proteins,Binding Site 1,3C-LIKE PROTEINASE,,3snb,3.97,Specific
proteins,Binding Site 1,REPLICASE POLYPROTEIN 1AB,,2gz7,3.97,Specific
proteins,Binding Site 1,3C-LIKE PROTEINASE,,3snc,3.97,Specific
proteins,Binding Site 1,3C-LIKE PROTEINASE,,3d62,3.97,Specific
proteins,Binding Site 1,3C-LIKE PROTEINASE,,4hi3,3.97,Specific
proteins,Binding Site 1,3C-LIKE PROTEINASE,,3ea9,3.97,Specific
proteins,Binding Site 1,3C-LIKE PROTEINASE,,2z9j,3.97,Specific
proteins,Binding Site 1,REPLICASE POLYPROTEIN 1AB,,2duc,3.97,Specific
proteins,Binding Site 1,REPLICASE POLYPROTEIN 1AB,,2hob,3.97,Specific
proteins,Binding Site 1,3C-LIKE PROTEINASE,,4tww,3.97,Specific
proteins,Binding Site 1,3C-LIKE PROTEINASE,,3atw,3.97,Specific
proteins,Binding Site 1,3C-LIKE PROTEINASE,,2gt7,3.97,Specific
proteins,Binding Site 1,3C-LIKE PROTEINASE,,4hi3,3.97,Specific
proteins,Binding Site 1,"REPLICASE POLYPROTEIN 1AB (PP1AB, ORF1AB) 3C-LIKE PROTEINASE (3CL-PRO, 3CLP)",,2op9,3.97,Specific
proteins,Binding Site 1,3C-LIKE PROTEINASE,,3vb3,3.97,Specific
proteins,Binding Site 1,SARS CORONAVIRUS MAIN PROTEASE,,3tiu,3.97,Specific
proteins,Binding Site 1,3C-LIKE PEPTIDASE,,2a5i,3.97,Specific
proteins,Binding Site 1,"REPLICASE POLYPROTEIN 1AB (PP1AB, ORF1AB) 3C-LIKE PROTEINASE (3CL-PRO, 3CLP)",,2op9,3.97,Specific
proteins,Binding Site 1,3C-LIKE PROTEINASE,,3aw0,3.97,Specific
proteins,Binding Site 1,3C-LIKE PROTEINASE,,3vb7,3.97,Specific
proteins,Binding Site 1,3C-LIKE PROTEINASE,,2z9j,3.97,Specific
proteins,Binding Site 1,3C-LIKE PROTEINASE,,3ea7,3.97,Specific
proteins,Binding Site 1,3C-LIKE PROTEINASE,,3m3v,3.97,Specific
proteins,Binding Site 1,3C-LIKE PROTEINASE,,1wof,3.97,Specific
proteins,Binding Site 1,3C-LIKE PROTEINASE,,2d2d,3.97,Specific
proteins,Binding Site 1,3C-LIKE PROTEINASE,,3vb3,3.97,Specific
proteins,Binding Site 1,REPLICASE POLYPROTEIN 1AB (PP1AB),,2z3c,3.97,Specific
proteins,Binding Site 1,3C-LIKE PROTEINASE,,2z9l,3.97,Specific
proteins,Binding Site 1,3C-LIKE PEPTIDASE,,2a5k,3.97,Specific
proteins,Binding Site 1,3C-LIKE PROTEINASE,,3ea8,3.97,Specific
proteins,Binding Site 1,3C-LIKE PROTEINASE,,2amd,3.97,Specific
proteins,Binding Site 1,3C-LIKE PROTEINASE,,3vb6,3.97,Specific
proteins,Binding Site 1,3C-LIKE PROTEINASE,,2gx4,3.97,Specific
proteins,Binding Site 1,3C-LIKE PROTEINASE,,2z9k,3.97,Specific
proteins,Binding Site 1,3C-LIKE PROTEINASE,,2amq,3.97,Specific
proteins,Binding Site 1,3C-LIKE PROTEINASE,,3snd,3.97,Specific
proteins,Binding Site 1,3C-LIKE PROTEINASE,,2qc2,3.97,Specific
proteins,Binding Site 1,3C-LIKE PROTEINASE,,2gt7,3.97,Specific
proteins,Binding Site 1,3C-LIKE PROTEINASE,,3f9f,3.97,Specific
proteins,Binding Site 1,3C-LIKE PROTEINASE,,1uk3,3.97,Specific
proteins,Binding Site 1,REPLICASE POLYPROTEIN 1AB,,2yy4,3.97,Specific
proteins,Binding Site 1,MERS-COV 3CL PROTEASE,,4wme,3.83,Specific
proteins,Binding Site 1,MERS-COV 3CL PROTEASE,,4wme,3.83,Specific
proteins,Binding Site 1,ORF1A,,4wmd,3.83,Specific
proteins,Binding Site 1,MERS-COV 3CL PROTEASE,,4wmf,3.83,Specific
proteins,Binding Site 1,MERS-COV 3CL PROTEASE,,4wme,3.83,Specific
proteins,Binding Site 1,ORF1A,,4wmd,3.83,Specific
proteins,Binding Site 1,MERS-COV 3CL PROTEASE,,4wme,3.83,Specific
proteins,Binding Site 1,ORF1A,,4wmd,3.83,Specific
proteins,Binding Site 1,MERS-COV 3CL PROTEASE,,4wmf,3.83,Specific
proteins,Binding Site 1,3C-LIKE PROTEINASE,,2yna,3.76,Specific
proteins,Binding Site 1,3C-LIKE PROTEINASE,,3d23,3.65,Specific
proteins,Binding Site 1,3C-LIKE PROTEINASE,,3d23,3.65,Specific
proteins,Binding Site 1,3C-LIKE PROTEINASE,,2zu2,3.49,Specific
proteins,Binding Site 1,INFECTIOUS BRONCHITIS VIRUS (IBV) MAIN PROTEASE,,2q6f,3.46,Specific
proteins,Binding Site 1,PUTATIVE CORONAVIRUS NSP2 (3CL-PRO),,1p9u,3.41,Specific
proteins,Binding Site 1,"REPLICASE, HYDROLASE DOMAIN",,1lvo,3.41,Specific
proteins,Binding Site 1,"REPLICASE, HYDROLASE DOMAIN",,1lvo,3.41,Specific
proteins,Binding Site 1,"REPLICASE, HYDROLASE DOMAIN",,1lvo,3.41,Specific
proteins,Binding Site 1,"REPLICASE, HYDROLASE DOMAIN",,1lvo,3.41,Specific
proteins,Binding Site 1,"REPLICASE, HYDROLASE DOMAIN",,1lvo,3.41,Specific
proteins,Binding Site 1,"REPLICASE, HYDROLASE DOMAIN",,1lvo,3.41,Specific
proteins,Binding Site 1,PUTATIVE CORONAVIRUS NSP2 (3CL-PRO),,1p9u,3.41,Specific
proteins,Binding Site 1,"REPLICASE, HYDROLASE DOMAIN",,1lvo,3.41,Specific
proteins,Binding Site 1,"REPLICASE, HYDROLASE DOMAIN",,1lvo,3.41,Specific
proteins,Binding Site 1,3C-LIKE PROTEINASE,,2amp,3.41,Specific
proteins,Binding Site 1,3C-LIKE PROTEINASE,,2amp,3.41,Specific
proteins,Binding Site 1,PUTATIVE CORONAVIRUS NSP2 (3CL-PRO),,1p9u,3.41,Specific
proteins,Binding Site 1,PUTATIVE CORONAVIRUS NSP2 (3CL-PRO),,1p9u,3.41,Specific
proteins,Binding Site 1,3C-LIKE PROTEINASE,,3tlo,3.27,Specific
proteins,Binding Site 1,3C-LIKE PROTEINASE,,3tlo,3.27,Specific
proteins,Binding Site 2,3C-LIKE PROTEINASE,,1uk4,3.97,Specific
proteins,Binding Site 2,3C-LIKE PROTEINASE,,3snc,3.97,Specific
proteins,Binding Site 2,REPLICASE POLYPROTEIN 1AB (PP1AB),,2z3c,3.97,Specific
proteins,Binding Site 2,3C-LIKE PROTEINASE,,3vb6,3.97,Specific
proteins,Binding Site 2,REPLICASE POLYPROTEIN 1AB (PP1AB),,2z3d,3.97,Specific
proteins,Binding Site 2,3C-LIKE PROTEINASE,,3snd,3.97,Specific
proteins,Binding Site 2,3C-LIKE PROTEINASE,,3vb7,3.97,Specific
proteins,Binding Site 2,3C-LIKE PROTEINASE,,3snb,3.97,Specific
proteins,Binding Site 2,PUTATIVE CORONAVIRUS NSP2 (3CL-PRO),,1p9u,3.41,Specific
proteins,Binding Site 2,PUTATIVE CORONAVIRUS NSP2 (3CL-PRO),,1p9u,3.41,Specific
proteins,Binding Site 2,CATALYTIC DOMAIN OF THE NUCLEAR INCLUSION PROTEIN A (NIA),,1lvb,1.86,Specific
proteins,Binding Site 2,CATALYTIC DOMAIN OF THE NUCLEAR INCLUSION PROTEIN A (NIA),,1lvb,1.86,Specific
proteins,Binding Site 2,CATALYTIC DOMAIN OF THE NUCLEAR INCLUSION PROTEIN A (NIA),,1lvb,1.86,Specific
proteins,Binding Site 2,CATALYTIC DOMAIN OF THE NUCLEAR INCLUSION PROTEIN A (NIA),,1lvb,1.86,Specific
proteins,Binding Site 2,CATALYTIC DOMAIN OF THE NUCLEAR INCLUSION PROTEIN A (NIA),,1lvb,1.86,Specific
proteins,Binding Site 2,CATALYTIC DOMAIN OF THE NUCLEAR INCLUSION PROTEIN A (NIA),,1lvb,1.86,Specific
proteins,Binding Site 2,CATALYTIC DOMAIN OF THE NUCLEAR INCLUSION PROTEIN A (NIA),,1lvb,1.86,Specific
proteins,Binding Site 2,CATALYTIC DOMAIN OF THE NUCLEAR INCLUSION PROTEIN A (NIA),,1lvb,1.86,Specific
proteins,Binding Site 2,NUCLEAR INCLUSION PROTEIN A,,3mmg,1.45,Specific
proteins,Binding Site 2,NUCLEAR INCLUSION PROTEIN A,,3mmg,1.45,Specific
proteins,Binding Site 2,NUCLEAR INCLUSION PROTEIN A,,3mmg,1.45,Specific
proteins,Binding Site 2,NUCLEAR INCLUSION PROTEIN A,,3mmg,1.45,Specific
proteins,Binding Site 2,RETINOIC ACID RECEPTOR RXR-ALPHA,,1xls,1.23,Specific
proteins,Binding Site 2,RETINOIC ACID RECEPTOR RXR-ALPHA,,1xls,1.23,Specific
proteins,Binding Site 3,RETINOIC ACID RECEPTOR RXR-ALPHA,,1xls,1.23,Specific
proteins,Binding Site 4,"BETA-2-MICROGLOBULIN, MHC CLASS I-RELATED PROTEIN",,4l9l,1.39,Specific
proteins,Binding Site 5,3C-LIKE PROTEINASE,,3sna,3.97,Specific
proteins,Binding Site 6,3C-LIKE PROTEINASE,,3sna,3.97,Specific
proteins,Binding Site 6,INSULIN-LIKE 3 A CHAIN,,2k6u,1.6,Specific
proteins,Binding Site 6,INSULIN-LIKE 3,,2h8b,1.6,Specific
proteins,Binding Site 7,INFECTIOUS BRONCHITIS VIRUS (IBV) MAIN PROTEASE,,2q6d,3.46,Specific
proteins,Binding Site 8,3C-LIKE PROTEASE,,4in1,1.32,Specific
proteins,Binding Site 9,MERS-COV 3CL PROTEASE,,4wmf,3.83,Specific
proteins,Binding Site 10,3C-LIKE PROTEINASE,,3d23,3.65,Specific
proteins,Binding Site 10,3C-LIKE PROTEINASE,,3d23,3.65,Specific
proteins,Binding Site 11,TYROSINE-PROTEIN KINASE ITK/TSK,,4ppb,1.17,Specific
proteins,Binding Site 11,TYROSINE-PROTEIN KINASE ITK/TSK,,4ppb,1.17,Specific
proteins,Binding Site 11,TYROSINE-PROTEIN KINASE ITK/TSK,,4ppa,1.17,Specific
proteins,Binding Site 11,TYROSINE-PROTEIN KINASE ITK/TSK,,4ppa,1.17,Specific
proteins,Binding Site 11,TYROSINE-PROTEIN KINASE ITK/TSK,,4mf0,1.17,Specific
proteins,Binding Site 11,TYROSINE-PROTEIN KINASE ITK/TSK,,4mf0,1.17,Specific
proteins,Binding Site 12,"6-CARBOXY-5,6,7,8-TETRAHYDROPTERIN SYNTHASE",,3qn0,1.09,Specific
proteins,Binding Site 12,"6-CARBOXY-5,6,7,8-TETRAHYDROPTERIN SYNTHASE",,3qn0,1.09,Specific
proteins,Binding Site 12,"6-CARBOXY-5,6,7,8-TETRAHYDROPTERIN SYNTHASE",,3qn0,1.09,Specific
proteins,Binding Site 12,"6-CARBOXY-5,6,7,8-TETRAHYDROPTERIN SYNTHASE",,4ntm,1.08,Specific
proteins,Binding Site 12,"6-CARBOXY-5,6,7,8-TETRAHYDROPTERIN SYNTHASE",,4ntm,1.08,Specific
proteins,Binding Site 12,"6-CARBOXY-5,6,7,8-TETRAHYDROPTERIN SYNTHASE",,4ntk,1.08,Specific
proteins,Binding Site 13,3C-LIKE PROTEINASE,,1uk2,3.97,Specific
proteins,Binding Site 14,TYROSINE-PROTEIN KINASE ITK/TSK,,4ppc,1.17,Specific
proteins,Binding Site 15,TYROSINE-PROTEIN KINASE ITK/TSK,,4ppc,1.17,Specific
proteins,Binding Site 16,EXOSOME COMPLEX COMPONENT RRP43,,4oo1,1.02,Specific
proteins,Binding Site 17,COMPLEMENT C4 GAMMA CHAIN,,4fxg,1.0,Specific
proteins,Binding Site 17,COMPLEMENT C4 GAMMA CHAIN,,4fxk,1.0,Specific
proteins,Binding Site 17,COMPLEMENT C4 GAMMA CHAIN,,4fxg,1.0,Specific
ion,Binding Site 1,ZINC ION,ZN,2z94,3.97,Non-specific
ion,Binding Site 1,NICKEL (II) ION,NI,2yna,3.76,Non-specific
ion,Binding Site 1,ZINC ION,ZN,2rpr,1.03,Non-specific
